"","Rice","Taro","Breadfruit","Fish","Pork","Cabbage","Bird_nest_fern","Banana","Coconut","Imp_fruits","Eggs","Sweetened_bevs","Ice_cream","Potatoes","Cassava","Instant_noodles","Chicken","Lamb_beef","Cucumber","Imp_vegs","Papaya","Pandanus","Milk","Chips_biscuits","Cake"
"1",1,1,1,1,1,3,3,1,1,1,1,1,3,3,1,3,1,1,3,1,3,1,1,1,3
"2",1,2,2,1,3,1,3,3,2,1,1,2,2,1,2,2,1,2,2,2,2,3,1,2,3
"3",1,2,1,1,2,1,3,1,1,1,1,1,1,1,1,1,1,1,1,1,1,1,1,1,1
"4",1,2,1,1,2,1,3,1,1,1,1,1,1,1,1,1,1,1,1,1,1,1,1,1,1
"5",1,3,1,1,1,1,3,1,1,1,1,1,1,1,1,1,1,1,1,1,1,1,1,1,1
"6",1,1,1,1,3,1,3,1,1,1,1,3,1,1,1,1,1,2,2,2,3,3,3,2,3
"7",1,1,1,1,3,1,1,1,1,1,1,1,1,1,1,1,1,1,1,1,1,1,1,1,1
"8",1,1,1,1,3,1,3,1,1,1,3,3,3,1,1,3,1,3,1,1,1,3,1,1,1
"9",1,1,2,1,3,1,3,2,1,1,1,2,3,1,2,3,1,1,1,1,2,3,1,1,2
"10",1,3,1,1,3,1,2,1,1,3,3,3,1,1,3,1,3,3,3,3,3,3,1,3,1
"11",1,1,2,1,2,2,3,3,2,3,2,1,2,3,3,2,1,2,2,2,3,3,2,2,2
"12",1,1,1,1,2,1,3,2,1,2,1,3,2,1,1,1,1,3,1,2,1,2,1,1,1
"13",1,1,1,1,3,1,1,3,1,2,1,3,3,1,1,3,3,3,1,3,1,3,3,1,3
"14",1,1,1,1,1,1,2,1,1,1,1,1,2,1,1,1,1,2,1,2,2,2,2,1,2
"15",1,1,3,1,2,1,2,1,2,1,1,3,3,1,1,1,1,3,1,1,3,2,1,1,2
"16",1,3,3,1,2,1,3,2,1,2,1,1,1,2,2,1,1,1,2,1,2,2,1,1,1
"17",1,1,1,1,1,1,2,1,1,1,1,1,1,2,1,1,1,1,2,1,1,1,1,1,2
"18",1,3,1,1,1,3,3,1,1,1,1,3,1,1,3,1,1,3,1,1,3,3,1,1,1
"19",3,3,1,1,3,1,2,3,1,1,1,3,3,3,1,3,1,3,1,1,2,3,3,3,2
"20",1,2,1,1,2,1,1,1,1,2,1,2,2,2,2,1,1,2,2,2,2,2,1,1,1
"21",1,1,1,1,2,2,2,2,2,3,1,1,3,1,1,1,1,1,1,2,3,3,3,3,3
"22",1,3,1,1,2,1,1,1,1,2,1,2,3,1,2,1,3,3,2,1,2,3,2,1,3
"23",3,1,1,1,3,1,1,1,1,3,2,3,3,1,1,3,1,3,1,3,1,3,2,3,3
"24",2,1,1,1,3,1,1,1,1,3,1,3,3,1,1,3,3,3,1,3,1,3,1,3,3
"25",3,1,1,1,3,1,1,2,2,3,3,3,3,3,2,2,2,2,1,3,1,3,3,3,3
"26",3,1,1,1,3,1,1,1,1,3,1,3,3,2,2,2,3,3,1,1,1,3,1,2,3
"27",3,1,1,1,1,1,1,1,1,3,3,3,3,2,2,2,3,3,1,3,1,3,1,3,3
"28",1,1,1,1,1,1,3,1,1,1,1,1,3,1,1,1,1,2,1,1,1,1,1,1,1
"29",1,3,3,1,3,3,3,3,3,3,1,1,3,3,3,1,1,3,3,1,3,3,3,3,3
"30",1,2,2,1,3,3,3,2,1,3,2,1,3,2,2,2,1,3,3,2,3,2,1,3,3
"31",1,1,1,1,2,1,3,1,1,2,1,3,1,1,1,1,1,3,1,2,2,1,1,1,1
"32",1,2,1,1,3,1,3,1,1,1,1,3,1,1,3,1,2,1,2,1,2,1,2,1,2
"33",1,3,3,1,1,1,1,1,1,3,1,1,3,3,1,1,1,1,1,3,3,3,1,1,1
"34",1,1,3,1,3,3,2,2,1,1,3,1,1,1,1,1,1,1,1,1,1,3,2,3,3
"35",1,2,1,1,3,1,1,2,1,1,1,1,2,2,2,1,1,1,1,1,2,2,1,1,1
"36",1,2,3,1,3,3,3,2,1,3,1,3,3,2,2,1,1,3,1,3,2,2,1,3,3
"37",1,3,3,1,3,3,3,3,3,3,3,3,3,3,3,3,1,3,3,3,3,3,3,3,3
"38",1,3,3,1,3,3,3,3,3,3,3,1,3,3,3,3,1,2,2,3,3,3,3,3,3
"39",1,1,1,1,1,1,1,1,1,2,1,1,1,1,1,1,1,1,1,1,3,3,1,3,3
"40",1,1,2,1,3,1,3,1,1,1,1,1,2,1,1,1,1,1,3,2,1,1,1,1,1
"41",1,3,3,1,3,2,3,1,1,3,1,2,3,3,3,1,1,3,3,2,3,3,2,3,3
"42",1,2,1,1,3,1,3,2,1,2,1,3,3,1,3,1,1,3,1,2,2,3,3,2,3
"43",1,2,2,1,3,1,3,1,1,1,1,2,1,1,1,1,1,3,1,2,1,2,1,1,1
"44",1,1,2,1,2,2,3,1,1,2,1,3,3,1,1,1,1,3,1,3,2,2,1,1,1
"45",1,3,3,1,3,2,3,2,2,2,1,3,3,1,3,2,3,3,1,1,3,3,1,3,3
"46",1,1,2,1,3,1,1,3,1,2,1,3,3,1,1,1,1,3,1,1,1,1,1,1,1
"47",1,2,1,1,3,2,1,1,1,1,1,3,3,1,1,1,3,3,1,2,1,3,1,2,1
"48",1,2,2,1,3,2,3,1,3,1,2,1,1,2,2,1,2,3,1,1,3,2,1,1,1
"49",1,1,2,1,3,2,2,2,1,2,1,3,2,3,3,1,1,3,2,1,3,2,1,2,2
"50",1,1,1,1,1,1,1,2,1,1,1,1,3,3,3,3,1,3,1,1,1,1,1,1,3
"51",1,2,3,1,2,3,3,2,1,1,1,1,2,3,2,1,1,3,1,2,3,1,3,2,2
"52",1,3,1,1,3,3,3,3,3,2,1,3,3,1,3,2,2,3,3,2,3,3,2,3,3
"53",1,3,1,1,3,2,3,3,2,3,3,1,3,1,3,3,1,3,1,3,2,3,3,3,3
"54",1,2,1,1,2,1,3,2,1,1,1,1,1,1,1,1,2,1,2,3,3,2,1,1,2
"55",1,1,1,1,3,2,2,1,2,2,2,2,2,1,1,1,1,3,2,2,2,2,2,2,2
"56",1,1,1,1,3,1,2,2,2,2,1,2,2,1,1,1,1,3,2,2,2,2,1,2,2
"57",1,1,1,1,3,1,1,1,1,2,1,2,3,1,1,1,1,3,3,1,1,3,3,3,3
"58",1,3,1,1,3,1,3,3,1,3,1,3,3,2,2,3,1,3,1,3,3,3,1,3,3
"59",1,1,1,1,3,1,2,2,1,2,2,2,2,1,1,1,1,3,2,2,2,2,2,2,2
"60",1,3,2,1,3,2,3,3,2,2,2,3,3,3,3,1,1,3,2,3,1,3,2,2,3
"61",1,2,2,1,3,1,3,2,1,1,2,2,2,2,2,1,1,3,1,1,1,3,1,3,3
"62",1,3,3,3,1,1,3,2,2,2,1,3,3,2,2,1,1,3,2,1,2,2,1,2,2
"63",1,1,1,1,3,1,3,3,1,2,2,3,3,3,3,1,1,3,1,2,2,3,2,2,3
"64",1,3,1,1,3,1,3,1,1,1,1,3,1,1,3,1,1,2,2,1,1,1,1,1,3
"65",1,1,1,1,3,3,3,3,1,1,1,3,3,3,1,1,1,1,1,1,1,1,1,1,3
"66",1,1,2,1,3,3,3,3,1,1,3,3,3,1,1,1,1,2,3,2,3,3,1,1,3
"67",1,1,2,1,2,3,3,1,1,1,1,2,2,2,3,1,1,1,1,2,2,2,1,1,2
"68",1,3,3,1,3,3,3,3,1,1,1,3,3,1,3,1,3,3,2,2,2,2,3,1,3
"69",1,3,1,1,1,3,3,3,3,1,3,1,3,3,3,1,1,3,1,3,1,3,1,1,3
"70",1,3,1,1,1,3,3,2,1,3,1,1,1,1,3,1,1,3,3,1,1,2,1,2,3
"71",1,1,3,1,1,1,3,2,1,1,2,2,2,1,3,1,2,3,2,1,1,1,1,1,1
"72",2,3,1,2,3,3,3,3,3,3,3,3,3,3,3,3,3,3,3,3,3,3,3,3,3
"73",1,3,1,1,3,2,3,1,1,1,1,3,3,2,3,3,1,1,1,1,1,3,3,3,3
"74",1,3,3,1,3,3,3,3,3,3,3,3,2,1,2,1,1,1,1,1,2,3,1,3,2
"75",1,1,3,1,3,3,3,3,3,1,1,1,3,1,1,2,1,3,1,1,1,3,1,2,3
"76",1,2,1,1,3,2,3,3,2,3,2,3,3,2,2,1,1,3,1,2,2,3,2,2,2
"77",1,3,3,1,3,1,3,3,3,1,1,1,3,3,3,1,1,2,1,3,3,3,1,1,3
"78",1,3,3,1,3,3,3,2,1,3,1,3,3,3,2,3,3,3,2,2,3,3,3,3,3
"79",1,3,2,1,3,1,3,3,1,3,2,3,3,3,2,2,1,3,2,3,3,3,2,3,3
"80",1,2,2,1,3,1,3,3,1,3,1,3,3,2,2,1,1,3,1,2,3,3,2,2,3
"81",2,2,1,1,2,2,3,1,1,1,1,3,3,2,2,3,1,2,2,1,2,2,1,2,3
"82",1,3,3,1,3,3,3,3,1,3,3,3,3,1,1,1,2,3,2,3,2,3,1,3,3
"83",1,2,2,1,2,1,3,2,1,2,1,3,3,1,1,1,1,3,1,2,1,2,1,1,1
"84",1,2,1,1,3,1,3,2,2,2,1,3,1,1,1,2,1,3,1,1,1,2,1,1,1
"85",1,1,3,1,1,1,3,1,1,1,2,1,1,1,1,1,2,1,1,1,2,1,2,1,1
"86",1,2,2,1,2,3,3,3,3,1,1,3,3,2,2,1,1,1,3,2,3,3,1,1,2
"87",2,2,1,1,3,1,1,3,3,1,2,3,3,1,1,3,3,3,1,1,1,2,2,3,1
"88",1,1,1,1,3,3,3,1,2,1,1,3,3,1,1,1,1,1,1,1,1,1,1,1,1
"89",1,1,1,1,1,1,1,1,2,1,1,1,1,1,1,1,1,1,1,1,1,1,1,1,1
"90",1,3,3,1,3,2,3,1,1,3,1,3,3,3,3,1,1,3,2,3,2,2,1,3,3
"91",1,3,3,1,2,2,3,3,1,1,3,2,2,2,3,1,1,3,3,3,1,3,3,1,3
"92",3,1,1,1,3,1,3,2,1,3,1,3,3,2,1,3,3,2,3,3,2,2,3,3,3
"93",1,1,1,1,2,3,3,3,1,3,1,3,3,1,1,1,1,1,3,3,3,3,1,1,3
"94",1,2,2,1,3,2,3,3,3,2,2,3,3,2,2,3,1,1,1,2,3,3,1,3,3
"95",1,1,1,1,2,1,3,1,2,3,1,3,3,1,1,1,1,2,1,1,1,1,1,1,2
"96",1,3,1,1,3,1,3,2,1,3,2,2,3,1,1,3,1,3,1,3,1,3,2,3,3
"97",1,3,3,1,3,3,3,3,1,3,2,3,3,2,2,1,1,3,3,3,3,3,2,3,3
"98",1,3,3,1,3,3,3,3,3,3,3,1,3,3,3,3,1,3,3,3,1,3,3,3,3
"99",1,1,1,1,3,1,3,2,2,2,1,2,2,1,1,1,1,3,2,2,2,2,1,2,2
"100",1,1,1,1,3,1,3,1,1,1,1,3,3,1,1,2,2,3,2,2,1,1,1,2,3
"101",1,1,1,1,2,1,3,1,1,2,1,3,3,1,1,2,1,3,1,3,1,1,1,1,3
"102",1,3,2,2,3,2,3,3,2,1,1,3,3,2,3,3,1,1,2,2,2,3,3,3,3
"103",1,3,1,1,3,1,3,3,3,3,1,3,3,2,2,3,1,3,1,2,3,3,3,3,3
"104",1,1,1,1,3,1,2,2,2,2,1,2,2,1,1,1,1,2,2,2,2,2,1,2,2
"105",1,3,2,1,3,1,3,3,3,1,1,3,1,1,3,3,1,1,1,1,1,3,2,3,3
"106",1,2,1,1,3,2,2,3,2,2,2,3,3,3,3,3,1,1,1,3,1,3,1,3,3
"107",1,2,2,1,3,3,3,3,1,3,1,1,3,2,2,1,1,3,2,3,2,2,3,3,3
"108",1,1,1,1,1,1,1,2,1,1,1,1,2,2,1,1,1,1,1,1,1,1,1,1,2
"109",1,2,2,1,3,1,3,2,2,1,1,1,1,2,2,1,1,1,2,1,1,1,1,1,1
"110",1,2,3,1,3,3,3,3,3,3,2,1,3,3,2,3,1,1,3,2,2,3,1,2,2
"111",1,1,1,1,3,1,3,1,1,1,1,1,1,1,1,1,1,1,1,1,1,2,1,1,3
"112",1,1,1,1,2,1,1,1,1,2,1,1,1,1,3,1,1,3,1,1,1,1,1,3,2
"113",1,1,1,1,3,1,3,2,1,1,1,3,3,1,1,1,1,3,1,1,1,1,2,1,3
"114",1,1,1,1,2,1,3,1,1,1,1,3,3,1,1,1,1,2,1,1,1,1,1,1,3
"115",1,3,2,1,3,3,3,3,1,3,3,3,3,2,1,1,3,3,1,3,1,2,1,3,3
"116",1,1,1,1,2,1,2,2,1,1,3,3,3,1,1,1,1,2,1,1,1,2,1,1,2
"117",1,1,1,1,3,2,2,3,1,2,1,1,3,2,2,2,1,3,2,2,1,3,2,2,3
"118",1,1,1,1,2,1,3,3,1,2,2,2,3,1,1,1,1,3,1,1,1,2,2,2,2
"119",2,1,1,1,3,1,3,1,1,2,1,3,3,1,1,2,3,3,1,1,1,1,1,1,3
"120",1,3,3,1,3,1,3,1,1,1,1,2,2,2,2,1,1,3,3,3,1,3,1,3,1
"121",1,1,1,1,3,1,3,2,1,1,1,3,3,2,2,1,1,3,1,1,2,2,2,3,3
"122",1,1,1,1,3,1,3,1,1,2,1,3,3,1,1,1,1,1,1,2,1,1,1,1,2
"123",1,1,1,1,2,1,3,1,1,1,1,1,1,1,1,1,2,2,1,1,1,1,1,1,2
"124",1,1,1,1,2,1,3,1,2,2,1,1,1,1,1,1,1,1,1,3,1,1,1,3,3
"125",1,1,1,1,3,1,3,2,2,1,1,3,3,1,1,1,1,1,2,2,2,2,2,3,3
"126",1,3,1,1,3,1,1,2,1,3,2,3,1,1,1,2,2,3,1,1,1,2,2,2,2
"127",1,3,1,1,3,1,3,2,3,2,1,1,3,1,1,1,1,2,1,1,2,2,1,1,1
"128",1,1,1,1,1,1,3,3,1,3,1,1,1,1,1,1,1,3,1,3,3,3,1,1,1
"129",1,1,1,1,2,2,3,1,1,1,1,1,1,1,1,1,1,1,1,1,1,1,1,1,1
"130",3,1,1,1,3,3,1,2,1,3,1,3,3,1,1,2,1,3,1,2,2,1,1,1,2
"131",1,1,1,1,3,1,1,1,1,2,1,3,3,1,1,1,1,3,1,2,1,1,1,2,2
"132",1,1,1,1,3,1,3,1,1,2,1,3,3,1,1,1,1,1,2,2,1,2,1,1,1
"133",1,3,1,1,3,1,3,3,1,3,1,2,3,1,2,1,1,2,1,1,1,3,2,1,2
"134",1,1,1,1,2,3,3,1,1,1,2,3,3,1,1,1,1,3,1,1,1,1,1,1,3
"135",1,1,1,1,1,1,3,1,1,1,2,3,3,1,1,1,1,1,1,1,1,1,3,1,3
"136",1,1,1,1,3,2,2,2,1,2,2,2,2,1,1,1,1,3,2,2,2,2,1,2,2
"137",1,3,3,1,3,2,3,2,1,2,1,3,1,2,2,1,1,1,2,2,2,3,1,1,1
"138",1,1,1,1,3,2,3,3,1,2,2,1,3,2,3,2,1,3,2,2,3,3,2,1,3
"139",1,2,1,1,1,1,3,1,1,1,1,3,3,1,1,1,1,1,1,1,1,1,1,1,3
"140",1,1,1,1,2,1,3,1,1,1,1,1,2,1,1,1,1,1,1,1,1,1,1,1,1
"141",1,3,3,1,2,1,3,3,1,2,1,3,3,3,3,1,1,3,1,1,3,3,1,2,2
"142",1,1,1,1,2,1,3,1,1,1,1,3,1,1,1,1,1,2,1,1,1,1,1,1,1
"143",1,3,3,1,3,3,3,2,1,3,1,3,3,2,2,1,1,3,2,3,2,2,1,3,3
"144",1,1,1,1,2,1,3,2,1,1,1,1,2,1,1,1,1,2,2,1,2,2,2,1,2
"145",1,3,2,1,3,3,3,3,1,3,1,3,3,2,2,1,1,3,3,3,3,3,1,3,3
"146",1,3,3,1,3,3,3,3,1,3,1,1,3,2,2,1,1,3,3,2,3,3,1,1,3
"147",1,1,1,1,3,2,2,2,1,2,2,2,2,1,1,1,1,3,2,2,2,2,1,1,2
"148",1,2,2,1,3,3,3,3,1,3,3,3,2,2,2,2,1,3,3,3,3,3,1,3,3
"149",1,2,1,1,2,1,1,3,2,2,2,2,3,1,1,1,1,2,1,1,1,3,1,1,2
"150",1,3,3,1,3,3,3,3,3,3,3,1,3,3,3,3,3,3,3,3,1,3,1,3,3
"151",1,1,1,1,3,1,2,2,1,2,1,2,2,1,1,1,1,3,1,2,2,2,1,2,2
"152",1,1,1,1,2,1,1,1,1,1,1,3,3,1,1,1,1,3,1,1,1,3,2,2,2
"153",2,3,3,2,1,3,3,3,2,3,3,3,3,1,1,1,1,2,1,1,1,1,1,3,3
"154",1,2,2,1,3,2,3,3,3,3,3,1,3,3,3,3,1,1,3,3,3,3,3,3,3
"155",1,3,1,1,3,3,3,2,1,1,2,2,3,3,3,1,1,3,1,3,3,1,1,1,1
"156",3,2,1,1,3,3,3,1,1,3,1,3,3,1,2,3,3,3,3,3,1,1,3,3,3
"157",1,2,2,1,1,1,3,3,1,1,1,3,3,3,2,2,1,3,1,1,2,1,1,1,2
"158",1,2,1,1,3,1,3,2,1,2,2,3,3,3,3,1,1,3,2,2,2,3,1,1,2
"159",1,3,3,1,3,1,1,2,2,2,1,3,3,1,2,3,1,1,1,1,1,2,2,2,2
"160",1,1,1,1,2,1,3,1,1,1,1,1,1,1,1,1,1,1,1,1,1,1,1,1,1
"161",1,1,1,1,2,2,3,1,1,2,2,3,3,1,1,1,1,2,1,2,1,2,1,1,1
"162",3,1,1,1,3,3,3,2,1,3,2,3,3,1,1,3,3,3,3,3,3,3,3,3,3
"163",1,1,1,1,3,1,2,1,1,3,1,3,3,1,1,1,1,2,1,3,1,1,1,1,3
"164",1,1,1,1,1,1,1,1,1,1,3,3,1,3,1,1,1,1,1,3,3,3,1,1,1
"165",1,1,1,1,1,1,1,1,1,1,3,3,3,1,1,1,2,2,1,1,1,1,3,1,3
"166",1,1,3,1,3,1,3,3,2,1,1,3,2,1,1,3,2,2,2,1,3,3,3,3,3
"167",1,1,1,1,3,2,3,2,2,2,2,2,2,1,1,1,1,3,2,2,2,2,1,2,2
"168",1,3,1,1,3,3,3,3,3,3,3,3,3,2,3,3,3,3,1,1,3,3,3,3,3
"169",1,1,1,1,1,1,3,1,1,2,2,3,3,1,2,1,1,3,1,2,1,2,2,1,2
"170",1,1,1,1,1,2,2,1,2,2,2,2,2,1,1,1,1,3,3,1,1,1,1,1,1
"171",1,1,1,1,3,1,2,2,1,2,2,2,2,1,1,1,1,3,2,2,2,1,1,2,2
"172",1,1,1,1,3,2,2,2,2,1,1,2,2,1,1,1,1,3,2,2,1,2,1,2,2
"173",1,2,2,2,2,2,2,2,2,2,2,2,2,3,3,2,1,1,2,1,3,3,1,3,3
"174",1,3,2,1,2,1,3,3,2,3,2,2,2,3,3,1,1,3,1,1,1,3,2,3,3
"175",1,2,2,2,3,1,2,2,1,2,1,1,3,1,1,3,1,1,3,3,3,3,1,3,3
"176",1,3,1,1,3,1,2,3,1,3,2,2,3,3,2,3,1,3,1,3,1,3,2,3,3
"177",1,1,1,1,3,1,2,2,1,2,1,2,2,1,1,1,1,3,1,2,2,2,1,2,2
"178",1,2,1,1,1,2,3,1,1,3,1,3,1,1,1,1,1,3,3,3,1,1,2,1,2
"179",1,1,1,1,3,2,2,2,1,2,2,2,2,1,1,1,1,3,2,2,2,2,1,2,2
"180",1,1,1,1,1,1,3,1,1,1,1,2,2,1,1,1,2,2,2,2,3,3,1,1,1
"181",1,2,1,1,2,1,3,1,1,1,1,1,1,1,1,1,2,3,3,2,1,1,1,1,2
"182",1,1,1,1,3,1,3,3,2,2,1,3,1,1,2,1,1,3,1,1,3,3,1,1,1
"183",1,1,1,1,3,2,2,2,2,1,1,3,3,1,1,1,1,2,1,1,2,2,1,1,3
"184",1,1,2,1,3,1,3,1,1,1,1,3,3,1,1,1,1,2,1,1,1,1,1,1,3
"185",1,3,3,1,3,3,3,3,1,3,1,3,3,1,1,3,3,3,2,3,1,1,3,3,3
"186",1,1,1,1,2,1,3,1,1,1,2,3,3,1,1,1,1,1,1,1,1,1,1,1,3
"187",1,1,1,1,3,2,2,2,1,2,1,2,2,1,1,2,2,3,1,2,2,2,1,2,2
"188",1,3,1,1,1,3,3,1,1,1,1,3,3,1,3,1,1,1,1,1,1,1,1,1,1
"189",1,3,1,1,3,3,3,3,3,3,3,3,3,3,3,1,1,3,2,1,3,3,1,3,3
"190",1,3,1,1,3,1,3,1,1,1,1,1,1,1,1,1,1,1,1,1,1,3,1,1,1
"191",1,1,1,1,3,2,2,2,2,2,2,2,2,1,1,1,2,3,1,2,2,2,1,2,2
"192",1,1,1,1,3,1,3,1,1,3,1,3,3,1,1,1,1,3,1,2,1,2,1,2,2
"193",3,1,1,1,3,1,3,1,1,3,3,3,3,3,3,3,3,3,1,3,1,1,3,3,3
"194",1,1,1,1,3,3,3,1,1,3,1,1,3,3,3,1,3,3,3,3,3,3,3,3,3
"195",1,2,1,1,3,1,3,1,1,3,2,3,3,1,1,1,1,3,1,2,1,2,1,3,3
"196",1,1,1,1,3,2,3,1,1,2,1,2,3,1,1,1,1,3,1,1,1,2,1,1,1
"197",1,1,1,1,3,1,2,1,1,2,1,2,1,1,1,1,1,3,2,2,2,2,1,2,2
"198",1,1,1,1,3,2,2,3,1,2,2,2,2,1,1,1,1,3,1,2,2,2,1,2,2
"199",1,1,1,1,3,2,3,2,1,2,2,2,2,1,1,1,1,3,1,2,2,2,1,2,2
"200",1,1,1,1,3,1,3,2,2,2,2,2,2,1,1,1,1,3,1,2,1,2,2,2,2
"201",1,1,1,1,2,1,3,2,1,2,2,2,2,1,1,1,1,3,1,2,1,2,1,1,1
"202",2,3,1,1,3,3,3,1,1,3,1,3,3,1,1,3,3,3,3,3,3,2,1,3,3
"203",1,1,1,1,3,2,2,2,1,2,1,2,2,1,1,1,1,3,2,2,2,2,1,2,2
"204",1,1,1,1,3,1,3,2,1,2,1,2,2,1,1,1,1,3,1,2,1,2,1,2,2
"205",1,1,1,1,3,2,2,2,2,2,2,2,2,1,1,1,2,3,1,1,2,2,1,1,1
"206",1,1,1,1,2,1,3,2,1,2,1,2,2,1,1,2,1,3,1,2,1,2,1,2,2
"207",1,1,2,1,3,2,2,1,1,2,3,3,3,1,1,1,1,3,1,1,1,1,1,1,1
"208",1,1,1,1,3,2,3,2,2,3,2,2,2,1,1,1,2,3,1,2,1,1,2,1,1
"209",1,1,1,1,3,2,2,2,1,2,1,2,2,1,1,1,1,3,2,3,2,2,2,2,2
"210",1,1,1,1,1,3,2,1,1,2,1,2,2,1,1,1,1,3,2,2,2,2,1,2,2
"211",1,2,1,1,3,2,3,3,3,1,1,3,3,2,2,3,2,3,1,3,3,3,1,3,3
"212",1,2,3,1,3,1,3,3,3,2,2,1,3,3,3,2,2,3,1,1,1,3,1,3,3
"213",1,3,3,1,3,3,3,3,3,3,3,3,3,2,3,1,1,3,1,2,3,2,1,3,3
"214",1,2,2,1,3,1,3,3,1,2,1,3,3,2,2,3,1,3,1,2,2,3,3,3,3
"215",1,3,3,1,3,3,3,3,1,3,1,3,3,3,3,1,1,3,3,3,3,3,1,3,3
"216",1,1,1,1,3,3,3,2,1,3,1,3,3,2,1,1,1,3,3,3,2,3,1,3,3
"217",1,3,3,1,3,3,3,3,3,3,1,3,3,3,1,1,1,3,3,3,1,3,1,3,3
"218",1,3,3,1,3,2,3,1,1,2,3,1,2,1,1,2,2,3,1,2,2,3,1,2,3
"219",1,1,1,1,2,3,3,1,1,1,1,2,2,1,1,1,1,1,1,1,2,2,2,1,2
"220",1,1,1,1,1,1,1,1,1,2,1,2,3,1,1,1,1,1,1,1,1,1,1,1,3
"221",1,1,1,1,1,1,3,1,1,2,1,3,3,1,1,1,1,1,1,1,1,1,1,1,1
"222",1,1,3,1,3,1,3,3,3,2,1,1,1,3,3,1,2,3,1,2,3,3,1,2,3
"223",1,1,1,1,1,1,3,2,1,1,2,2,2,2,1,1,1,1,3,1,2,1,1,1,1
"224",1,1,1,1,3,1,3,2,1,3,1,3,3,1,1,1,1,3,2,2,1,2,1,2,2
"225",1,3,1,1,3,1,3,3,1,2,1,1,3,1,1,3,1,3,1,2,1,3,3,3,1
"226",1,2,2,1,3,1,2,2,1,2,1,1,3,2,2,1,1,2,1,1,3,3,2,2,2
"227",1,1,1,1,3,1,3,1,1,2,1,2,2,1,1,1,1,3,1,2,1,1,1,2,2
"228",1,1,2,1,3,1,3,3,1,3,1,3,3,1,1,1,1,3,1,2,1,2,3,1,2
"229",3,1,1,1,3,1,1,1,1,3,3,3,3,1,1,3,3,3,1,2,1,2,2,2,3
"230",1,3,1,1,3,2,3,3,1,3,1,3,3,3,3,2,2,3,3,3,1,3,3,3,3
"231",1,2,2,1,3,3,3,2,1,2,2,3,3,3,3,3,3,3,3,3,3,3,3,3,3
"232",2,1,2,1,3,1,2,1,1,2,1,3,2,1,1,3,1,3,2,2,2,2,2,2,2
"233",1,3,3,1,3,2,3,3,1,3,1,3,3,2,2,1,1,3,3,3,3,3,1,3,3
"234",1,1,1,2,2,2,2,2,1,2,1,1,2,1,1,1,1,3,1,1,1,2,1,1,1
"235",1,2,2,1,3,1,2,1,1,2,1,3,3,2,2,1,1,3,1,2,1,1,1,1,1
"236",1,1,2,1,1,1,1,1,1,2,1,2,2,1,1,1,1,1,2,1,1,1,1,1,1
"237",1,2,2,1,3,1,3,1,1,2,1,3,3,1,1,1,1,1,1,2,1,1,1,1,1
"238",1,2,1,1,3,2,3,3,1,2,2,3,3,1,2,1,1,3,2,1,1,3,1,1,3
"239",1,1,1,1,3,2,3,2,1,2,2,2,3,2,2,1,1,3,1,1,2,3,2,3,3
"240",1,1,2,1,2,2,2,2,2,1,1,1,1,1,2,2,1,2,2,1,2,3,1,1,1
"241",1,1,1,1,3,1,3,1,1,1,1,3,3,1,1,1,1,2,1,1,1,1,1,1,3
"242",1,1,1,1,2,1,3,1,1,1,1,3,3,1,1,1,1,3,1,2,1,2,1,1,3
"243",2,2,2,1,3,1,3,2,1,1,1,3,3,2,2,1,2,1,2,2,2,1,2,3,2
"244",1,1,1,1,2,1,3,3,1,1,2,3,3,2,2,1,3,1,2,3,3,1,2,2,3
"245",2,1,1,1,3,2,2,3,1,3,1,3,3,3,3,1,1,3,1,2,1,3,3,3,3
"246",1,1,1,1,3,1,3,3,3,2,2,2,2,2,2,1,1,3,1,1,2,2,2,2,2
"247",1,1,1,2,2,2,2,2,2,1,1,2,2,1,1,1,1,3,2,2,2,2,1,2,2
"248",1,1,1,1,2,2,2,3,1,1,1,2,2,2,2,2,1,3,1,1,1,3,3,3,3
"249",1,1,1,1,3,2,2,3,1,3,2,2,3,1,1,1,1,3,2,2,2,3,2,2,2
"250",1,2,3,1,3,3,2,1,1,3,3,1,3,1,3,1,1,3,3,3,1,1,3,3,2
"251",1,1,1,1,2,2,2,3,1,2,1,2,2,2,2,1,1,3,3,2,2,3,3,3,3
"252",1,2,3,1,2,2,3,2,1,1,2,3,3,1,1,1,1,1,2,2,1,3,1,2,3
"253",1,3,1,1,3,2,1,1,1,1,1,1,1,1,1,1,1,1,1,1,3,3,1,1,1
"254",2,1,1,1,3,3,3,2,1,3,2,3,3,3,1,3,3,3,3,3,2,3,1,3,3
"255",1,1,1,1,3,1,3,2,1,1,1,3,3,3,3,1,1,3,1,1,3,3,1,1,3
"256",1,1,1,1,2,1,1,2,1,2,1,3,3,2,2,2,1,3,1,1,2,3,2,2,2
"257",1,2,2,1,3,1,3,3,1,1,1,1,3,2,2,2,1,3,1,1,1,3,1,3,3
"258",1,1,1,1,3,2,3,1,1,1,1,2,3,2,2,1,1,3,1,2,1,3,2,3,1
"259",1,1,1,1,3,2,2,2,2,2,1,1,3,2,2,2,1,3,2,2,2,3,1,1,3
"260",1,1,1,1,3,2,3,3,1,3,1,1,3,1,2,1,1,3,1,2,2,2,2,3,3
"261",1,3,1,1,3,3,3,3,3,3,1,3,3,3,3,1,1,3,3,3,1,1,3,3,1
"262",1,2,2,1,3,1,1,3,1,3,2,2,2,2,2,2,1,3,2,2,2,2,2,2,2
"263",1,1,1,1,2,1,3,1,1,1,1,3,3,1,1,1,1,2,1,2,1,2,1,3,3
"264",1,1,1,2,1,1,2,3,1,2,1,2,1,1,1,2,3,1,1,1,2,1,3,1,1
"265",1,3,1,1,3,1,1,1,1,1,1,1,1,3,1,3,1,1,1,1,1,1,1,1,1
"266",1,1,2,1,2,1,3,3,2,1,1,3,3,1,1,1,1,1,1,1,1,1,1,1,1
"267",2,2,1,1,3,1,3,1,1,3,1,3,3,1,1,3,1,3,1,3,2,2,1,3,3
"268",1,2,2,1,3,1,1,2,1,2,1,3,3,1,1,3,2,3,2,2,1,2,1,1,1
"269",2,1,1,1,3,1,1,1,1,2,1,3,2,1,1,1,1,3,1,2,1,1,2,2,2
"270",1,1,1,1,3,2,2,2,1,2,1,2,2,1,1,1,1,3,1,2,2,2,1,2,2
"271",3,1,1,1,3,1,2,2,1,3,3,3,3,1,1,3,2,3,2,1,1,1,3,3,2
"272",1,1,1,1,3,1,2,2,1,2,1,3,3,1,1,1,1,3,2,1,1,3,1,2,3
"273",1,1,2,1,3,1,3,1,1,2,2,1,3,2,2,1,3,3,1,2,1,3,2,3,3
"274",1,1,1,1,3,2,2,3,1,3,3,3,3,2,2,1,1,3,1,3,3,3,3,3,3
"275",3,1,1,1,3,1,1,1,1,2,2,3,3,1,1,1,1,3,1,2,1,3,3,3,3
"276",1,1,1,1,3,2,2,3,1,1,1,2,3,2,2,1,1,3,1,1,1,3,3,2,2
"277",1,1,1,1,3,2,3,3,1,2,2,3,3,2,1,1,1,3,1,2,2,3,3,3,3
"278",1,3,3,1,3,3,3,3,2,3,1,1,3,3,3,1,1,3,3,3,2,1,1,3,3
"279",1,1,2,2,1,1,3,1,2,1,1,1,3,1,1,1,1,1,1,2,2,3,1,1,1
"280",1,1,1,1,3,1,2,2,2,1,2,1,1,2,2,1,2,3,1,2,2,2,2,2,2
"281",1,1,1,1,3,1,3,3,1,1,1,3,3,3,3,1,1,3,1,1,1,3,2,3,3
"282",1,1,1,1,3,1,2,3,1,1,1,3,3,2,2,1,1,3,1,1,1,3,2,2,2
"283",1,1,1,1,2,2,3,1,1,1,1,3,3,1,1,1,1,3,1,1,1,3,2,2,3
"284",1,1,1,1,3,1,1,2,1,2,2,3,3,2,2,1,1,3,1,1,1,2,2,3,3
"285",2,2,1,1,3,3,3,3,1,3,2,3,3,2,2,2,2,3,3,3,2,3,2,3,3
"286",1,1,1,1,3,1,3,2,1,2,1,3,3,2,2,3,3,3,1,2,2,1,1,1,2
"287",1,3,1,1,3,1,3,3,3,1,1,3,3,3,2,3,1,1,2,1,2,2,1,3,3
"288",1,1,1,1,3,3,3,1,1,3,1,3,3,1,2,1,1,3,1,1,2,2,1,1,1
"289",1,3,3,1,3,1,3,1,2,1,3,3,3,1,1,1,1,1,1,1,3,3,1,1,3
"290",1,1,1,1,2,1,3,1,1,1,2,3,3,1,1,1,1,3,1,2,1,1,1,1,3
"291",3,1,1,1,3,3,3,2,1,3,2,3,3,1,1,3,3,3,2,3,1,2,3,3,3
"292",1,1,1,1,3,1,3,1,1,2,2,2,2,1,1,2,2,3,1,2,1,3,2,3,1
"293",1,3,3,1,3,3,3,2,1,3,1,1,3,2,2,1,1,3,3,3,2,2,1,3,3
"294",1,1,1,1,3,1,3,1,1,1,1,3,3,1,1,3,3,3,1,2,1,1,1,1,3
"295",1,1,1,1,1,1,3,1,1,1,1,2,2,1,1,1,1,1,1,2,1,1,1,1,3
"296",1,1,1,1,3,1,3,1,2,1,1,3,3,1,1,1,1,1,1,1,2,2,1,1,1
"297",1,2,3,1,3,3,3,2,1,3,1,1,3,2,2,1,1,3,3,3,2,2,1,3,3
"298",1,2,1,1,3,2,3,3,3,1,1,1,2,1,1,3,1,1,1,1,3,3,1,3,3
"299",1,2,1,1,3,2,3,3,3,2,1,3,3,2,2,2,1,1,3,1,3,3,1,3,3
"300",1,3,1,1,2,1,3,2,1,2,2,2,2,2,2,1,2,3,1,2,2,2,2,1,3
"301",1,3,3,1,2,1,3,3,1,1,1,3,3,1,1,1,2,1,1,2,3,3,1,1,1
"302",1,2,1,1,3,2,2,3,1,2,1,3,3,2,3,2,1,3,1,2,2,3,2,2,2
"303",1,1,1,1,1,2,3,3,2,3,2,2,2,3,2,2,3,1,3,3,3,2,3,3,1
"304",1,1,1,1,1,1,3,2,2,1,2,3,2,1,1,1,1,2,2,2,2,2,1,1,1
"305",1,1,1,1,3,1,3,3,1,3,1,2,3,3,3,1,1,3,1,1,1,3,3,3,3
"306",1,2,2,1,2,2,3,3,1,2,1,3,3,1,2,2,1,1,2,2,3,3,1,1,2
"307",1,2,2,1,2,2,3,1,1,2,2,2,3,1,1,2,2,2,2,3,1,1,1,2,1
"308",1,1,1,1,1,2,3,1,1,1,1,1,1,1,1,1,1,2,1,1,1,1,1,1,2
"309",1,1,3,1,3,2,3,3,2,1,1,3,1,1,2,2,1,2,2,2,3,3,1,1,2
"310",1,1,1,1,2,1,3,1,1,1,1,3,3,1,1,1,1,1,1,1,1,1,1,1,1
"311",1,1,1,1,1,1,2,1,1,2,2,3,3,1,1,2,3,3,1,1,1,1,2,2,3
"312",1,1,2,1,1,1,3,3,1,3,1,1,1,3,3,1,1,1,1,3,3,3,3,1,3
"313",1,3,1,1,1,3,3,2,1,3,1,3,3,1,1,1,1,3,1,1,1,1,1,1,3
"314",1,1,1,1,3,2,2,2,2,2,2,2,2,1,1,1,1,3,1,1,1,1,1,2,2
"315",1,2,2,1,3,2,3,1,1,2,1,3,2,2,1,3,1,3,1,2,2,2,1,2,2
"316",1,2,1,1,3,2,3,3,3,2,1,3,3,3,2,3,1,3,2,2,3,3,1,3,3
"317",1,1,1,1,2,1,3,1,1,1,1,3,3,1,1,1,1,1,1,1,1,1,1,1,3
"318",1,1,1,1,1,1,3,1,1,1,1,3,3,1,1,1,1,1,1,1,1,1,1,1,1
"319",1,1,1,1,2,1,3,1,2,1,1,1,2,1,1,1,1,1,1,1,1,1,1,1,1
"320",1,1,1,1,2,1,3,1,1,1,1,1,3,1,2,1,1,1,1,1,1,2,1,1,2
"321",1,1,1,1,3,2,2,1,1,2,2,2,2,1,1,1,1,3,2,2,3,2,1,2,2
"322",1,2,1,1,2,2,3,1,1,3,2,2,3,2,3,1,1,3,2,3,3,3,3,1,3
"323",1,3,2,1,1,1,3,1,1,1,1,3,3,1,1,1,1,2,2,2,2,3,1,1,1
"324",1,1,1,1,1,1,1,1,1,2,2,3,3,1,1,1,1,1,1,3,1,1,1,1,1
"325",1,1,1,1,3,3,3,3,1,3,1,2,2,1,1,1,1,3,2,2,2,2,1,2,2
"326",1,1,1,1,3,2,2,2,1,2,1,2,2,1,1,1,1,3,2,2,2,2,2,2,2
"327",1,3,1,1,3,2,2,2,1,1,1,3,3,2,2,1,1,2,1,2,1,3,1,1,2
"328",1,3,2,1,3,1,3,3,1,3,1,3,3,2,2,1,1,2,1,1,1,3,1,2,3
"329",1,2,2,1,3,2,2,3,2,3,1,1,2,1,1,1,1,1,1,1,1,3,1,1,2
"330",1,1,1,1,2,1,1,1,1,1,3,3,3,3,3,1,1,2,1,1,1,3,3,3,3
"331",1,2,1,1,2,1,1,3,2,2,1,2,2,2,2,1,1,2,1,2,2,3,2,2,2
"332",1,2,1,1,3,2,2,3,2,3,3,3,3,1,2,2,2,2,1,2,3,3,3,1,3
"333",1,2,2,1,3,2,3,3,2,2,2,1,1,2,2,1,1,3,2,2,3,3,1,1,1
"334",1,2,1,1,2,1,1,3,2,3,3,3,3,1,2,2,1,3,1,3,3,3,2,3,3
"335",1,3,3,1,2,1,1,2,1,3,1,2,2,2,2,1,1,1,1,1,1,3,2,2,2
"336",1,2,2,1,3,1,1,3,1,1,1,1,1,2,2,1,1,1,1,1,1,1,1,1,1
"337",1,1,1,1,3,2,2,1,1,2,2,2,2,1,1,1,1,2,2,2,3,3,2,2,2
"338",1,1,1,1,3,2,2,1,1,1,1,2,2,2,2,1,1,3,1,1,1,3,1,3,3
"339",1,2,1,1,3,2,2,3,2,1,1,2,2,2,2,1,1,1,1,2,2,3,2,2,2
"340",1,2,2,3,3,3,3,2,2,2,2,3,3,2,2,1,1,3,2,2,3,3,3,2,1
"341",1,2,1,1,3,1,1,1,1,3,1,2,3,1,1,2,3,3,1,2,1,3,2,2,3
"342",1,2,1,1,3,1,1,1,1,3,2,2,2,2,2,1,2,3,2,2,1,2,3,3,3
"343",1,3,2,1,3,3,3,3,2,3,2,3,3,1,1,1,1,3,1,1,1,3,1,1,3
"344",1,2,1,1,3,2,3,2,1,1,2,3,3,2,2,1,1,3,1,1,1,3,3,3,3
"345",1,1,1,1,3,2,3,2,1,2,1,2,2,2,2,1,1,2,1,1,1,3,2,2,2
"346",1,3,3,1,3,3,3,2,1,3,2,3,3,2,2,1,1,3,3,3,2,2,1,3,3
"347",3,1,1,1,3,3,3,2,1,3,1,3,3,1,1,1,2,3,3,3,1,3,1,3,3
"348",2,3,1,1,3,3,3,3,1,3,2,3,3,1,1,2,1,3,3,3,2,2,1,3,3
"349",3,1,1,1,3,3,3,2,1,3,2,3,3,1,1,3,3,3,3,3,2,2,1,3,3
"350",1,3,2,1,3,3,3,2,1,3,1,3,3,3,3,1,1,3,3,3,2,2,1,3,3
"351",2,1,1,1,3,3,3,2,1,3,2,3,3,2,3,3,2,2,1,3,2,2,3,3,3
"352",1,3,3,1,3,3,3,3,2,3,1,3,3,2,2,1,1,3,3,3,3,3,1,3,3
"353",1,3,3,1,3,3,3,3,2,3,2,3,3,2,2,1,1,3,3,3,3,3,1,3,3
"354",1,3,3,1,3,3,3,3,1,3,1,1,3,2,2,1,1,3,2,3,3,2,1,2,2
"355",1,3,3,1,3,3,2,1,3,3,3,3,3,2,1,1,3,3,3,3,2,2,1,3,3
"356",1,2,1,1,3,1,3,3,1,2,2,3,3,1,1,1,1,3,1,1,1,3,3,3,3
"357",1,1,1,1,3,2,1,2,1,3,3,1,2,1,2,1,1,3,1,1,1,3,1,3,3
"358",1,2,1,1,3,1,2,2,1,1,2,2,2,1,2,1,1,3,1,1,1,3,2,3,3
"359",1,1,1,1,2,3,3,2,1,2,2,3,3,2,1,1,1,2,3,3,1,3,1,1,1
"360",1,2,1,1,3,2,3,3,2,3,2,2,2,1,2,2,1,3,1,1,2,3,1,1,2
"361",1,1,3,1,2,2,3,1,1,1,1,2,2,1,1,1,1,1,1,2,2,2,1,1,1
"362",1,1,1,1,3,1,3,1,1,1,1,3,3,1,1,1,1,3,1,2,1,1,1,1,2
"363",1,1,1,1,1,1,3,1,1,1,1,1,1,1,1,1,1,1,1,1,1,1,1,1,2
"364",1,2,1,1,3,2,3,3,1,2,3,3,3,2,2,2,2,3,1,2,2,3,3,3,3
"365",1,1,1,1,1,1,3,1,1,1,1,1,1,1,1,1,1,2,1,1,1,1,1,1,1
"366",1,1,1,1,2,2,1,1,1,1,1,3,3,1,1,1,3,1,1,1,1,1,1,1,3
"367",1,1,1,1,1,1,1,1,1,1,1,1,1,1,1,1,1,1,1,1,1,1,1,1,2
"368",1,1,1,1,2,1,3,1,1,1,1,2,2,1,1,1,1,1,1,2,1,1,1,1,1
"369",1,1,1,1,2,1,3,1,1,1,1,3,3,1,1,1,1,3,1,1,2,2,3,1,2
"370",1,1,1,1,2,3,3,1,1,1,1,1,1,1,1,1,1,1,1,1,3,3,1,2,1
"371",1,1,1,1,1,1,2,1,1,1,1,3,3,1,1,1,1,1,1,1,1,1,1,1,1
"372",1,1,1,1,1,1,3,1,1,1,1,1,2,1,1,2,1,1,1,1,1,1,1,1,3
"373",1,3,1,1,1,1,1,1,1,2,1,3,3,3,3,1,1,1,1,1,3,3,3,1,2
"374",1,1,1,1,1,1,3,1,1,1,1,2,2,1,1,1,1,1,1,1,1,1,1,1,1
"375",1,1,1,1,1,1,3,1,1,1,1,3,3,2,2,1,1,1,1,1,1,1,1,1,1
"376",1,1,1,1,2,1,3,1,1,2,1,3,3,1,1,1,1,1,1,1,1,1,1,1,3
"377",1,1,1,1,1,1,3,1,1,3,1,3,3,1,1,1,1,1,1,1,1,1,1,1,2
"378",1,1,1,1,2,1,1,2,2,2,1,3,3,1,1,1,1,3,1,3,1,1,1,1,3
"379",1,1,1,1,2,1,3,1,1,1,1,1,3,1,1,1,1,1,1,1,1,1,1,1,2
"380",1,1,1,1,2,1,1,1,1,1,1,3,3,1,1,1,1,1,1,1,1,1,1,1,1
"381",1,1,1,1,2,1,1,1,1,1,1,2,2,1,1,1,1,1,1,1,1,1,1,1,1
"382",1,1,1,1,2,1,3,1,2,1,1,2,2,1,1,1,1,2,1,1,1,1,1,1,1
"383",1,1,1,1,1,1,3,1,1,1,1,1,3,1,1,1,1,1,1,2,1,1,1,1,2
"384",1,1,1,1,2,1,1,1,1,2,1,1,1,1,1,1,1,1,1,1,1,1,1,1,1
"385",1,1,1,1,1,1,1,1,1,1,1,1,1,1,1,1,1,2,1,1,1,1,1,1,1
"386",1,1,1,1,2,1,3,1,1,1,1,2,2,1,1,1,1,2,1,1,1,1,1,1,2
"387",1,1,1,1,1,2,3,1,1,1,1,1,1,1,1,1,1,2,1,1,1,1,1,1,2
"388",1,1,1,1,1,1,2,1,1,1,1,1,1,1,1,1,1,1,1,2,1,1,1,1,1
"389",1,1,1,1,1,1,3,1,1,1,1,1,1,1,1,1,1,2,1,1,1,1,1,1,2
"390",1,1,1,1,2,1,3,1,2,1,2,2,1,1,1,1,2,1,1,1,1,1,1,1,3
"391",1,1,1,1,1,2,3,1,1,1,1,1,1,1,1,1,1,2,1,1,1,1,1,1,2
"392",1,1,1,1,2,1,3,1,1,2,1,2,2,1,1,2,1,3,1,2,1,1,1,1,1
"393",1,1,1,1,3,1,3,1,1,1,1,1,1,1,1,1,1,3,1,1,1,1,1,1,2
"394",1,1,1,1,2,1,3,1,1,1,1,2,2,1,1,1,1,1,1,2,1,1,2,1,1
"395",1,1,1,1,2,1,2,1,1,1,1,2,2,1,1,1,1,1,1,1,1,1,1,1,2
"396",1,1,1,1,1,2,3,1,1,1,1,1,1,1,1,1,1,1,1,1,1,1,1,1,1
"397",1,1,1,1,1,1,3,1,1,1,1,1,1,1,1,1,1,1,1,1,1,1,1,1,2
"398",1,1,1,1,2,1,1,1,1,1,1,1,2,1,1,1,1,1,1,1,1,1,1,1,1
"399",1,1,1,1,2,1,2,1,1,1,1,1,1,1,1,1,1,1,1,1,1,1,1,1,1
"400",1,1,1,1,1,1,2,1,1,1,1,1,1,1,1,1,1,1,1,1,1,1,1,1,1
"401",1,1,1,1,2,1,3,1,1,1,1,2,2,1,1,1,1,2,2,1,1,1,1,1,2
"402",1,2,2,1,3,3,3,3,1,3,2,3,3,2,2,1,3,3,3,3,2,2,1,3,3
"403",1,3,2,1,3,2,3,2,1,3,2,3,3,2,1,1,1,3,2,3,2,2,1,3,3
"404",1,1,1,1,3,2,3,2,1,3,2,3,3,2,2,1,1,3,3,3,2,2,1,3,3
"405",1,1,2,1,3,3,3,3,3,3,3,3,3,2,2,1,1,2,3,3,1,1,1,1,1
"406",1,2,3,1,3,3,3,2,1,3,1,3,3,2,2,1,1,3,2,2,1,3,3,1,3
"407",1,3,2,1,3,3,3,2,1,3,1,3,3,3,3,1,1,3,3,3,2,3,1,3,3
"408",1,3,2,1,3,3,3,2,1,3,1,3,3,2,2,1,1,3,3,3,2,2,1,3,3
"409",1,3,3,1,3,2,3,2,1,2,1,3,3,3,3,1,1,3,2,3,2,3,1,3,3
"410",1,2,1,3,3,3,3,2,1,3,1,3,3,2,2,1,1,3,3,3,2,2,1,3,3
"411",1,1,1,1,3,1,3,3,1,2,1,2,2,1,1,1,1,3,3,3,3,3,1,2,2
"412",1,2,2,1,3,3,3,1,1,3,1,3,3,2,2,1,1,3,3,3,2,2,1,3,3
"413",1,3,3,1,3,3,3,2,1,3,2,3,3,2,2,1,1,3,3,3,3,3,1,3,3
"414",1,3,3,1,2,3,3,2,1,3,3,3,3,3,3,1,3,3,3,2,1,3,3,3,3
"415",1,3,2,1,3,3,3,2,1,3,2,3,3,3,3,1,1,3,3,3,2,2,1,3,3
"416",1,2,3,1,3,3,3,2,1,3,1,3,3,3,3,1,1,3,3,3,2,2,1,3,3
"417",1,2,2,1,3,2,3,2,1,3,1,3,1,3,3,2,2,1,1,3,3,3,2,3,1
"418",1,1,1,1,3,3,2,2,2,2,1,2,2,1,1,1,1,3,2,2,2,2,1,2,2
"419",1,1,1,1,3,3,3,2,1,3,2,3,3,2,1,1,1,3,2,3,2,3,1,3,3
"420",2,1,1,1,3,3,3,2,1,3,2,3,3,1,1,3,2,3,3,3,2,3,3,3,3
"421",2,1,1,3,3,3,3,1,3,1,3,3,3,2,1,1,1,3,3,3,2,2,1,3,3
"422",1,1,1,2,1,3,1,1,1,1,2,2,1,1,1,1,1,1,1,1,1,1,1,1,1
"423",1,1,1,1,1,1,3,1,1,1,1,2,2,1,1,1,2,3,1,1,1,1,1,1,3
"424",1,1,1,1,3,2,2,2,1,3,2,3,3,1,1,1,1,2,2,1,1,3,1,3,3
"425",1,2,1,1,3,2,2,3,1,1,1,3,3,2,2,1,1,2,1,1,2,3,1,1,3
"426",1,2,1,1,1,1,1,2,1,1,1,3,3,1,1,1,1,1,1,2,2,2,1,3,3
"427",1,1,3,3,1,1,2,3,1,3,1,3,3,2,2,1,2,3,3,3,2,2,1,1,3
"428",1,1,1,1,1,1,1,1,1,1,2,2,2,1,1,2,2,2,2,1,1,2,2,2,2
"429",1,2,1,1,2,1,2,2,1,2,2,2,3,1,1,2,1,1,1,1,2,1,1,1,2
"430",1,1,1,1,3,2,3,3,3,2,3,2,2,1,2,1,1,1,2,1,2,2,3,3,3
"431",1,2,1,1,3,2,3,3,1,3,1,3,2,3,3,1,1,3,2,3,1,2,1,2,3
"432",1,1,1,1,3,1,3,3,1,3,1,2,3,2,2,1,1,2,1,3,1,3,1,2,3
"433",1,1,1,1,3,2,3,3,2,2,2,3,3,2,2,3,2,3,2,3,2,3,1,1,3
"434",1,1,2,1,3,2,3,3,2,2,2,2,3,2,2,3,2,3,2,3,2,3,1,2,3
"435",1,3,1,1,3,2,3,2,1,2,1,1,3,2,2,1,1,3,1,3,1,3,1,2,3
"436",1,2,1,1,2,1,3,2,1,2,1,2,3,1,3,1,1,3,1,2,1,1,1,2,3
"437",1,2,1,1,3,1,3,3,2,3,2,3,3,2,3,1,3,3,2,1,1,3,1,2,3
"438",1,2,1,1,3,2,3,3,1,3,2,2,3,2,2,1,1,3,1,2,1,2,1,2,3
"439",1,2,1,1,3,1,2,3,1,2,1,3,3,1,2,2,1,2,2,3,1,3,1,2,3
"440",1,1,1,1,3,3,2,3,1,2,1,3,3,3,3,2,1,2,1,2,2,3,1,2,3
"441",2,2,1,1,2,1,1,1,1,2,3,3,3,1,2,1,1,1,1,1,1,3,1,2,2
"442",1,2,1,1,3,2,3,2,1,2,1,3,3,2,2,2,1,3,1,1,1,3,2,2,3
"443",1,3,1,1,3,2,2,3,1,2,1,2,3,2,1,2,1,3,1,2,1,3,1,3,3
"444",1,2,1,1,3,3,3,2,1,3,1,3,3,3,3,1,1,3,2,3,2,2,1,3,3
"445",1,1,1,1,3,3,3,2,1,3,1,3,3,3,3,1,1,3,2,2,2,2,1,3,3
"446",1,2,1,1,2,1,1,1,1,1,1,3,2,3,3,1,1,1,1,1,1,2,1,1,2
"447",1,3,1,1,3,1,3,2,1,2,1,3,3,3,3,1,1,3,2,3,2,3,1,2,3
"448",1,1,1,1,1,1,3,1,1,1,1,1,1,1,1,1,1,1,1,1,1,1,1,1,1
"449",1,2,2,1,3,3,3,3,1,3,1,3,3,3,2,1,1,3,3,3,3,3,1,3,3
"450",1,3,3,1,3,3,3,2,1,3,2,3,3,3,3,1,1,3,3,3,3,3,1,3,3
"451",1,1,1,1,2,2,3,1,1,1,1,3,3,1,1,1,1,1,1,2,1,1,1,1,2
"452",1,1,1,1,3,1,3,3,1,2,2,3,3,2,3,2,1,1,1,2,1,3,3,3,3
"453",1,1,1,1,2,1,3,1,1,1,1,3,3,1,1,1,1,1,1,1,1,1,1,1,3
"454",1,1,1,1,2,1,3,1,1,1,1,3,3,1,1,1,1,1,1,1,1,1,1,1,1
"455",1,1,1,1,2,1,3,1,1,1,1,2,2,1,1,1,1,1,1,1,1,1,1,1,2
"456",1,2,2,1,3,3,3,3,1,3,1,3,3,3,3,1,1,3,3,3,2,3,1,3,3
"457",1,1,2,1,3,2,2,2,2,2,1,2,2,1,1,1,1,3,2,2,2,2,1,2,2
"458",1,1,1,1,3,3,2,2,2,1,1,2,2,1,1,1,1,2,2,2,1,2,1,2,2
"459",1,1,2,1,3,2,2,1,2,1,2,2,2,1,1,1,1,3,3,2,2,2,1,2,2
"460",1,1,1,1,3,1,2,2,2,2,1,2,2,1,1,1,1,3,2,2,2,2,1,2,2
"461",1,1,1,1,3,2,2,2,1,2,1,2,2,1,1,1,1,3,2,2,2,1,2,1,2
"462",1,1,1,1,1,2,2,1,2,1,2,1,1,1,1,1,1,3,1,1,1,1,1,2,1
"463",1,1,1,1,3,1,2,2,2,2,1,2,2,1,1,1,1,3,2,3,2,2,1,2,2
"464",1,1,1,1,3,3,2,2,2,2,1,2,2,1,1,1,1,3,2,2,2,2,1,2,2
"465",1,1,1,1,3,1,2,2,2,2,1,2,2,1,1,1,1,3,2,2,2,2,1,2,2
"466",1,1,1,1,3,3,2,2,1,2,2,2,1,1,1,1,3,1,2,2,2,1,2,2,2
"467",1,1,1,1,3,2,2,2,2,2,2,2,2,1,1,1,1,3,2,2,2,2,1,2,2
"468",1,3,1,1,3,1,2,2,1,2,1,3,3,1,1,1,1,3,1,2,1,3,1,1,2
"469",3,1,1,1,3,1,2,1,1,1,1,3,3,1,1,2,2,3,1,1,1,3,3,3,3
"470",1,1,1,1,2,3,3,1,1,1,1,3,3,1,1,1,1,2,1,1,1,1,1,1,3
"471",1,1,1,1,2,1,2,1,1,1,1,2,2,1,1,1,1,1,1,1,1,1,1,1,1
"472",2,2,1,1,2,2,3,3,2,3,2,3,3,1,3,1,1,3,1,1,3,3,3,3,3
"473",1,2,2,1,3,2,3,3,2,1,2,2,3,1,1,1,1,3,1,1,3,2,1,3,2
"474",1,2,1,1,3,1,3,3,2,3,2,3,3,2,3,1,1,3,1,2,1,3,2,2,2
"475",1,3,2,1,3,1,3,3,2,2,1,3,3,1,2,1,1,3,1,3,2,3,1,3,3
"476",1,2,2,1,3,2,3,3,2,2,2,3,3,1,1,1,1,2,1,2,2,3,2,2,3
"477",1,2,2,1,3,1,3,3,1,2,2,2,3,1,1,1,1,3,1,1,1,3,2,2,2
"478",1,1,1,1,3,2,3,2,1,3,2,3,3,2,2,2,1,3,2,2,1,3,3,3,3
"479",1,1,1,1,3,1,3,1,1,3,3,3,3,3,3,2,2,2,3,2,2,3,3,3,3
"480",1,3,1,1,3,1,3,3,1,1,1,2,2,2,2,2,2,2,1,2,1,3,2,2,1
"481",1,1,1,1,3,1,1,1,1,2,3,3,3,1,1,3,3,3,1,1,1,3,2,2,2
"482",1,1,1,1,2,1,3,1,1,2,1,3,3,1,1,1,1,3,1,1,1,1,1,1,3
"483",1,1,1,1,2,1,2,1,1,1,1,3,3,1,1,1,1,1,1,1,1,1,1,1,3
"484",1,1,1,1,1,3,3,1,1,3,1,1,1,1,1,1,1,1,1,1,1,1,1,1,1
"485",1,1,1,1,2,1,3,3,3,1,1,2,2,1,1,1,1,1,1,1,1,1,1,2,2
"486",1,1,1,1,1,1,1,1,1,1,1,1,1,1,1,1,1,1,1,1,1,1,1,1,1
"487",1,1,1,1,3,1,3,1,1,1,1,1,1,1,1,1,1,3,1,1,1,1,1,1,1
"488",1,1,1,1,2,2,2,2,2,2,1,1,1,1,1,1,1,1,1,1,1,1,1,1,2
"489",1,1,1,1,2,2,2,3,3,3,1,3,3,3,3,3,1,3,3,3,3,3,1,1,1
"490",1,1,1,1,3,3,3,2,2,2,2,2,2,1,1,1,1,3,3,3,3,3,1,2,2
"491",1,1,1,1,3,2,2,2,2,2,2,2,2,1,1,1,1,3,2,2,2,2,1,2,1
"492",3,1,1,1,1,1,1,1,1,2,1,1,1,2,2,2,2,2,1,1,1,1,1,1,1
"493",1,1,2,1,3,1,3,2,1,1,1,3,2,2,1,1,2,1,1,3,3,3,1,1,2
"494",1,1,1,1,2,2,2,1,1,2,1,2,3,2,2,1,1,1,2,2,2,3,1,2,2
"495",1,2,1,1,2,1,1,3,2,2,2,2,3,3,3,1,1,2,3,3,2,3,1,2,2
"496",1,2,2,1,3,1,1,3,2,2,1,3,2,1,1,1,1,1,1,1,2,3,1,1,2
"497",1,1,1,1,1,1,1,1,1,2,1,3,3,1,2,1,1,1,1,1,1,3,1,1,2
"498",1,3,3,1,3,3,3,2,1,3,3,3,3,3,3,1,1,3,3,3,2,2,1,3,3
"499",1,3,2,1,3,3,3,1,1,3,1,1,1,3,3,1,3,3,2,2,3,3,2,2,2
"500",1,1,1,1,2,1,1,1,1,1,1,3,3,1,1,1,1,2,1,1,1,2,1,2,2
"501",1,1,1,1,2,1,1,1,1,1,2,2,2,1,1,1,1,2,1,1,1,3,1,1,1
"502",1,1,1,1,2,1,3,1,1,1,1,1,3,3,1,1,1,1,2,1,1,1,1,1,2
"503",1,1,1,1,2,1,3,1,1,1,1,1,1,1,1,1,1,1,1,1,1,1,1,1,2
"504",1,1,1,1,1,1,3,1,1,1,1,1,1,1,1,1,1,1,1,1,1,1,1,1,1
"505",1,1,1,1,3,3,3,2,1,1,1,2,2,1,1,1,1,3,1,1,1,3,1,2,2
"506",1,3,3,1,3,3,3,2,2,3,2,3,3,3,3,1,1,3,3,3,2,2,1,3,3
"507",1,2,2,1,3,3,3,2,1,3,1,3,3,2,2,1,1,3,3,3,2,3,1,3,3
"508",1,2,3,1,3,3,3,2,1,3,1,3,3,3,3,1,1,3,3,3,2,2,1,3,3
"509",2,1,1,1,3,3,3,2,1,3,2,3,3,2,2,3,2,3,3,3,3,2,3,3,3
"510",1,2,3,1,3,3,3,3,1,3,1,3,3,3,3,1,1,3,3,3,3,3,1,3,3
"511",1,1,1,1,3,2,3,2,2,2,1,2,2,1,1,1,1,3,1,2,2,2,2,2,2
"512",1,1,1,1,3,1,2,1,1,2,1,2,2,1,1,1,1,3,2,2,2,2,1,2,2
"513",1,1,1,1,3,3,2,3,2,2,1,2,2,1,1,1,1,3,3,3,2,2,2,2,2
"514",1,1,1,1,3,2,3,2,2,2,1,2,2,1,1,1,1,3,3,2,2,2,1,2,2
"515",1,1,1,1,2,1,1,1,1,1,1,1,1,1,1,1,1,3,1,1,1,1,1,2,1
"516",1,1,1,1,2,1,3,1,1,1,1,1,1,1,1,1,1,1,1,1,1,1,1,1,1
"517",1,1,1,1,2,1,3,1,1,1,1,3,3,1,1,1,1,3,1,1,1,1,1,1,2
"518",1,1,1,1,2,1,3,1,1,1,1,3,3,1,1,1,1,2,1,1,1,1,1,1,2
"519",1,1,1,1,2,1,1,1,1,1,1,1,1,1,1,1,1,1,1,1,1,1,1,1,2
"520",1,1,1,1,1,1,1,1,1,1,1,1,3,2,1,1,1,1,1,1,1,1,1,1,3
"521",1,2,2,1,3,2,2,2,1,1,2,2,2,2,2,3,1,1,1,1,1,3,1,1,2
"522",1,2,1,1,2,1,2,3,2,1,1,1,1,1,1,1,1,2,1,2,2,3,1,1,2
"523",1,2,1,1,3,1,2,2,1,1,2,1,2,2,1,1,1,3,3,2,1,3,1,1,3
"524",1,2,1,1,3,1,2,2,1,2,1,3,3,2,2,1,1,3,2,2,2,3,1,2,2
"525",1,2,1,1,3,2,2,2,1,1,3,2,3,3,1,1,1,3,3,3,3,3,1,1,3
"526",1,3,2,1,3,2,2,2,2,1,3,2,3,3,2,2,2,3,3,3,1,3,3,2,3
"527",1,2,1,1,3,1,1,1,1,1,3,1,1,1,1,1,2,2,2,1,1,1,1,1,3
"528",1,2,1,1,3,3,2,2,1,3,3,2,3,2,1,2,3,3,3,3,1,3,3,3,3
"529",1,1,1,1,2,1,1,1,1,1,1,1,3,1,1,1,1,3,3,1,1,1,1,3,3
"530",1,1,1,1,2,1,1,1,1,1,1,1,3,1,1,1,1,1,1,1,1,1,1,1,2
"531",1,1,1,1,1,1,1,1,1,1,1,1,3,1,1,1,1,1,1,1,1,1,1,1,1
"532",1,1,1,1,1,1,1,1,1,1,1,1,3,1,1,1,1,1,1,1,1,1,1,1,3
"533",1,1,1,1,1,1,1,1,1,1,1,1,3,3,1,1,1,1,1,1,1,1,1,3,3
"534",1,1,1,1,1,1,1,1,1,1,1,1,3,1,1,1,1,1,1,1,1,1,1,1,1
"535",1,1,1,1,1,1,1,1,1,1,1,1,3,1,1,1,1,1,1,2,1,1,1,1,1
"536",1,1,1,1,1,1,3,1,1,2,1,1,1,1,1,1,1,1,1,1,1,1,1,1,1
"537",1,1,1,1,1,1,3,1,1,1,2,1,1,1,1,1,1,1,1,1,1,1,1,1,3
"538",1,1,1,1,1,1,1,1,1,1,1,1,3,1,1,1,2,1,1,1,1,1,1,1,1
"539",1,1,1,1,1,1,3,1,1,1,1,1,1,1,1,1,1,1,1,1,1,1,1,1,1
"540",1,1,1,1,1,1,3,1,1,1,1,2,2,1,1,1,1,1,1,1,1,1,1,1,2
"541",1,1,1,1,1,1,3,1,1,1,1,3,3,1,1,1,1,1,1,1,1,1,1,1,3
"542",1,2,2,1,3,3,3,3,1,2,2,1,1,2,2,2,2,2,1,1,1,1,2,2,1
"543",1,1,1,1,1,1,3,1,1,1,1,1,1,1,1,1,1,1,1,1,1,1,1,1,2
"544",1,1,1,1,1,1,3,1,1,1,1,1,1,1,1,1,1,1,1,1,1,1,1,1,1
"545",1,1,1,1,1,1,1,1,1,1,1,1,1,1,1,1,1,1,1,1,1,1,1,1,1
"546",1,1,1,1,1,1,1,1,1,1,1,1,1,1,1,1,1,1,1,1,1,1,1,1,1
"547",1,1,1,1,1,1,1,1,1,1,1,1,1,1,1,1,1,1,1,1,1,1,1,1,1
"548",1,2,1,1,3,1,3,3,1,3,1,2,3,1,2,1,1,3,2,2,1,2,1,2,3
"549",1,3,2,1,3,1,2,2,1,3,1,3,3,2,2,1,1,1,2,2,2,3,1,1,3
"550",1,2,1,1,3,2,2,3,1,2,1,3,2,2,2,1,1,3,1,2,1,3,1,2,3
"551",1,2,1,1,3,1,3,2,1,1,1,2,3,1,2,2,1,2,1,2,1,3,1,1,2
"552",1,1,1,1,2,1,3,1,1,1,1,3,3,2,3,3,1,3,1,1,3,2,2,1,3
"553",1,2,1,1,2,1,3,2,1,2,1,3,3,1,1,2,1,2,1,2,1,2,1,2,2
"554",1,1,1,1,1,1,1,1,1,1,1,1,1,1,1,1,1,1,1,1,1,1,1,1,1
"555",1,1,1,1,1,1,1,1,1,1,1,1,1,1,1,1,1,1,1,1,1,1,1,1,1
"556",1,2,1,1,1,1,1,2,2,1,2,3,3,1,2,1,2,1,1,2,1,2,1,3,3
"557",1,2,1,1,3,1,2,2,1,2,2,3,2,2,3,3,1,2,1,2,1,2,1,2,2
"558",1,2,1,1,3,1,2,3,1,2,1,2,3,1,2,1,1,3,1,2,1,3,1,2,3
"559",1,1,1,1,3,1,1,2,1,2,1,3,3,1,1,2,1,3,1,1,1,3,2,1,3
"560",1,3,1,1,2,1,1,3,2,2,1,3,3,2,2,3,1,3,3,2,1,1,3,1,3
"561",1,1,1,1,3,1,1,3,1,2,1,2,2,1,1,1,1,2,1,1,1,3,1,1,3
"562",1,1,1,1,3,1,1,2,1,2,2,3,2,1,1,1,1,1,2,1,3,3,1,2,2
"563",1,3,3,1,3,1,1,2,1,2,1,3,3,3,3,1,1,1,2,2,2,3,1,3,3
"564",1,3,2,1,1,2,1,1,1,3,1,1,2,3,3,1,2,1,1,3,1,1,1,2,1
"565",1,2,1,1,3,2,3,2,1,1,1,2,2,1,1,1,1,2,1,2,3,1,3,3,3
"566",1,2,1,1,2,2,3,3,1,1,1,3,3,2,2,1,1,2,1,1,1,3,1,2,3
"567",1,2,1,1,3,2,2,3,1,2,1,3,3,3,3,1,1,2,1,2,2,3,1,1,2
"568",1,2,1,1,3,2,3,3,2,2,1,2,3,2,3,2,1,1,2,1,1,2,3,1,1
"569",1,2,1,1,3,2,3,2,2,1,1,3,3,1,1,1,1,1,2,3,2,3,1,1,2
"570",1,2,1,1,2,1,3,3,1,1,1,3,3,2,2,2,1,2,1,1,1,3,1,1,2
"571",1,1,1,1,1,1,3,1,1,1,1,1,1,1,1,1,1,1,1,1,1,1,1,1,1
"572",1,1,1,1,2,1,3,1,1,1,1,1,1,1,1,1,1,2,1,1,1,1,1,1,1
"573",1,1,1,1,2,1,3,1,1,1,1,2,2,1,1,1,1,2,1,1,1,1,1,1,1
"574",1,1,1,1,2,1,3,1,1,1,1,1,1,1,1,1,1,2,1,1,1,1,1,1,2
"575",1,1,1,1,1,1,1,1,1,1,1,1,1,1,1,1,1,1,1,1,1,1,1,1,1
"576",1,1,1,1,2,2,3,1,1,1,1,1,1,1,1,2,1,2,1,1,1,1,1,1,1
"577",2,1,1,1,3,1,1,1,1,3,3,3,3,1,1,3,3,3,1,3,1,1,2,3,3
"578",1,1,1,1,2,2,2,1,1,3,1,3,3,1,1,1,1,3,1,3,1,1,1,1,2
"579",1,1,1,1,1,1,3,1,1,1,1,1,1,1,1,1,1,3,1,1,1,1,1,1,1
"580",1,1,1,1,3,1,1,1,1,3,2,3,3,1,1,3,2,3,1,3,1,1,1,3,3
"581",1,1,1,1,1,1,1,1,1,3,3,3,3,1,1,1,1,3,1,3,1,1,1,1,1
"582",1,1,1,1,1,1,1,1,1,1,1,1,1,1,1,1,1,3,1,2,1,1,1,1,2
"583",1,1,1,1,1,1,1,1,1,1,1,2,2,1,1,1,1,2,1,1,1,1,1,1,1
"584",1,1,1,1,2,1,1,1,1,2,1,1,3,1,1,1,1,2,1,1,1,1,1,1,3
"585",1,1,1,1,3,1,1,1,1,3,3,2,3,2,2,3,3,3,1,1,1,3,3,3,3
"586",1,1,1,1,2,1,1,1,1,3,3,1,2,1,1,1,1,2,1,2,1,1,1,1,3
"587",3,1,1,1,3,1,1,1,1,3,3,3,3,1,1,3,2,2,1,3,2,1,3,3,3
"588",1,1,1,1,2,1,1,1,1,2,2,2,2,1,1,1,1,2,2,2,1,1,1,1,2
"589",2,1,1,1,3,2,1,1,1,3,3,3,3,3,2,3,3,3,1,3,1,3,3,3,3
"590",3,1,1,1,3,1,1,1,1,3,3,3,3,1,1,3,3,3,1,3,1,3,2,3,3
"591",1,1,1,1,2,1,1,1,1,2,2,2,2,1,1,1,1,2,2,2,1,1,1,1,2
"592",1,1,1,1,3,1,3,1,1,1,1,3,3,1,1,3,1,1,1,1,1,1,1,3,2
"593",1,1,1,1,2,3,1,1,1,3,2,3,3,1,1,2,1,3,2,3,1,1,2,3,3
"594",1,1,1,1,2,2,1,1,1,3,3,3,1,1,2,2,3,2,3,1,1,2,3,3,1
"595",1,1,1,1,3,3,2,1,1,3,2,3,3,1,1,2,2,3,2,3,1,1,2,3,3
"596",1,1,1,1,3,1,1,1,1,2,2,3,3,1,1,2,3,3,1,2,1,3,1,3,3
"597",2,1,1,1,3,1,1,1,1,1,3,3,3,1,1,3,3,3,2,3,1,3,3,3,3
"598",1,1,1,1,2,1,1,1,1,1,1,2,2,1,1,1,1,3,1,2,1,1,1,1,2
"599",3,1,1,1,3,1,1,1,1,3,3,3,3,1,3,1,3,3,1,3,1,3,3,3,3
"600",2,2,1,1,1,1,1,1,1,2,3,3,3,2,2,1,3,3,3,3,1,1,1,2,2
"601",1,2,1,1,1,1,1,1,1,2,2,3,3,2,2,2,2,3,3,3,1,1,1,1,3
"602",1,2,1,1,2,1,1,1,1,3,2,2,2,2,2,2,3,3,3,3,1,1,2,1,3
"603",1,1,1,1,2,1,1,1,1,2,2,2,2,1,1,1,3,3,1,2,1,1,1,1,2
"604",1,1,1,1,2,1,1,1,1,2,2,2,2,3,3,2,3,3,1,2,1,1,2,1,2
"605",2,1,1,1,3,1,1,1,1,3,3,3,3,2,3,3,2,3,1,3,1,3,2,3,3
"606",3,1,1,1,3,1,1,1,1,3,3,3,3,1,1,3,3,3,1,3,1,3,2,3,3
"607",2,1,1,1,3,1,1,1,3,3,3,3,3,1,2,3,3,3,1,3,1,3,2,3,3
"608",1,1,1,1,3,1,1,1,1,3,3,3,3,1,2,3,3,3,1,3,1,3,2,3,3
"609",3,1,1,1,3,1,1,1,1,1,3,3,3,1,1,2,3,3,1,3,3,3,2,3,3
"610",2,1,1,1,3,1,1,1,1,3,3,3,3,1,1,3,3,3,1,3,1,3,2,3,3
"611",3,1,1,1,3,1,1,1,1,3,2,3,3,1,1,3,3,2,2,3,1,3,3,3,3
"612",1,2,1,1,3,1,1,1,1,3,3,3,3,1,1,3,3,3,1,3,1,3,2,3,3
"613",2,1,1,1,2,2,1,1,1,3,2,3,3,1,1,1,2,3,2,3,2,1,2,3,3
"614",1,1,1,1,1,3,1,1,1,3,1,3,3,2,2,1,1,3,3,3,3,1,2,3,3
"615",1,1,1,1,2,1,1,1,1,3,1,2,2,1,1,1,1,3,1,2,1,1,1,1,3
"616",1,1,1,1,1,1,1,1,1,3,3,3,3,1,1,1,1,3,1,2,1,1,2,1,2
"617",1,1,1,1,1,1,1,1,1,1,1,3,3,1,1,1,1,3,1,1,1,1,1,1,2
"618",1,1,1,1,1,1,1,1,1,2,1,1,1,1,1,1,1,1,1,1,1,1,1,1,1
"619",1,1,1,1,1,1,1,1,1,3,3,3,3,3,3,3,1,3,1,3,1,1,1,1,2
"620",1,1,1,1,1,1,1,1,1,3,1,3,3,1,3,1,1,3,1,3,1,1,1,1,1
"621",1,1,1,1,1,1,1,1,1,3,2,3,3,1,1,3,1,1,1,1,1,1,1,1,2
"622",1,1,1,1,1,3,1,1,1,1,3,3,3,3,3,3,1,1,3,3,1,1,1,1,1
"623",1,1,1,1,1,1,1,1,1,2,1,3,2,1,1,1,1,2,1,1,1,1,1,1,2
"624",1,1,1,1,1,1,1,1,1,2,2,2,2,1,1,2,3,3,1,2,1,1,1,2,2
"625",2,2,1,1,1,1,1,1,1,3,3,3,3,3,3,3,3,3,1,3,1,1,3,1,1
"626",1,2,1,1,1,1,1,1,1,2,2,3,3,3,3,1,1,3,1,3,1,3,1,3,3
"627",1,1,1,1,1,1,1,1,1,3,3,3,3,1,1,1,1,3,1,3,1,1,1,1,2
"628",2,1,1,1,3,3,1,1,1,3,2,3,3,1,1,2,2,3,2,3,1,1,2,3,3
"629",1,1,1,1,2,2,1,1,1,3,2,3,3,1,1,2,2,3,2,3,1,1,2,3,3
"630",1,1,1,1,2,2,1,1,1,3,2,3,3,2,2,2,1,3,2,3,1,1,2,3,3
"631",2,1,1,1,2,2,1,1,1,3,2,3,3,1,1,2,2,3,3,3,1,1,2,3,3
"632",2,1,1,1,3,2,1,1,1,3,1,3,3,1,2,2,2,3,3,3,1,1,2,3,3
"633",1,1,1,1,2,3,1,1,1,3,2,3,3,2,2,1,2,3,2,3,1,1,1,3,3
"634",1,2,1,1,2,1,1,1,1,3,1,1,2,2,2,1,1,2,1,2,1,1,1,1,3
"635",1,1,1,1,2,1,1,1,1,1,1,3,3,1,1,1,1,3,1,2,1,1,1,1,2
"636",1,1,1,1,2,1,1,1,1,3,2,3,3,1,1,1,1,3,1,2,1,1,1,1,3
"637",1,1,1,1,1,1,1,1,1,2,2,3,3,1,1,1,1,2,1,2,1,1,1,2,2
"638",1,1,1,1,2,1,1,1,1,3,1,2,2,1,1,1,1,3,1,1,1,1,1,1,3
"639",1,1,1,1,2,1,1,1,1,2,1,3,3,1,1,1,1,2,1,2,1,1,1,1,2
"640",1,2,1,1,2,1,1,1,1,2,1,2,3,1,1,1,1,3,1,1,1,1,1,1,3
"641",1,1,1,1,3,1,2,1,1,3,2,3,3,2,2,1,1,3,1,2,1,1,1,1,3
"642",1,2,1,1,2,1,2,2,1,3,2,3,3,2,2,1,1,3,1,1,1,1,1,2,3
"643",1,1,1,1,2,1,1,1,1,3,2,3,3,1,1,2,1,3,2,2,1,1,1,1,3
"644",1,1,1,1,3,3,1,1,1,3,2,3,3,1,1,2,2,3,3,3,1,1,2,3,3
"645",1,1,1,1,2,3,1,1,1,3,2,3,3,1,1,2,3,3,2,3,1,1,2,3,3
"646",1,1,1,1,2,3,1,1,1,3,2,3,3,1,1,2,1,3,2,3,1,1,1,3,3
"647",1,1,1,1,2,3,1,1,1,3,1,3,3,1,1,2,2,3,2,3,1,1,2,3,3
"648",1,1,1,1,3,3,1,1,1,3,2,3,3,1,1,2,2,3,2,3,1,1,2,3,3
"649",1,1,1,1,2,3,1,1,1,3,1,3,3,1,1,2,1,3,2,3,1,1,2,3,3
"650",1,1,1,1,2,1,1,1,1,2,2,3,3,2,2,2,2,3,1,2,1,1,1,2,3
"651",2,1,1,1,1,3,1,1,1,3,2,3,3,2,2,1,3,3,3,3,1,1,1,3,3
"652",2,1,1,1,1,3,1,1,1,3,1,3,3,1,1,2,3,3,3,3,1,1,2,3,3
"653",1,2,1,1,3,3,1,1,1,3,2,3,3,1,1,2,2,3,2,3,1,1,1,3,3
"654",1,1,1,1,1,1,1,1,1,1,1,1,1,1,1,3,1,1,1,1,1,1,1,1,1
"655",1,1,1,1,3,3,3,2,1,3,1,3,3,1,1,1,1,3,3,3,1,1,1,1,2
"656",1,1,1,1,3,1,1,1,1,3,3,3,3,2,2,2,2,2,1,3,1,3,3,3,3
"657",1,1,1,1,3,1,1,1,1,3,2,2,2,1,1,1,3,3,1,3,1,3,1,3,3
"658",1,1,1,1,3,1,1,1,1,3,3,3,3,2,3,2,2,3,1,3,2,3,3,3,3
"659",1,1,1,1,3,1,1,1,1,2,1,3,3,1,3,3,3,3,1,3,1,3,1,3,3
"660",1,1,1,1,3,1,1,1,1,2,3,1,3,1,1,1,1,3,1,3,1,1,3,2,2
"661",1,1,1,1,1,1,1,1,1,2,2,2,2,1,1,1,1,3,1,2,1,1,1,1,2
"662",1,1,1,1,1,1,1,1,1,3,3,3,3,1,1,1,1,3,3,3,1,1,1,1,2
"663",1,1,1,1,3,1,1,1,1,3,2,3,3,1,2,3,3,3,1,3,1,3,2,3,3
"664",1,1,1,1,2,2,1,1,1,3,2,3,3,1,1,3,1,3,3,3,1,1,1,3,3
"665",1,1,1,1,1,2,1,1,1,3,2,3,3,1,1,2,1,3,2,3,1,1,1,3,3
"666",1,1,1,1,2,2,1,1,1,3,1,3,3,1,1,2,1,3,3,3,1,1,1,3,3
"667",1,1,1,1,2,2,1,1,1,3,1,3,3,1,1,2,1,3,2,3,1,1,1,1,1
"668",1,1,1,1,2,3,1,1,1,3,1,3,3,1,1,2,2,3,2,3,1,1,1,3,3
"669",1,1,1,1,2,3,1,1,1,3,1,3,3,1,1,2,1,3,3,3,1,1,1,3,3
"670",1,2,1,1,3,3,1,1,1,3,1,3,3,1,1,2,2,3,3,3,1,1,2,3,3
"671",3,1,1,1,3,1,1,1,1,3,3,3,3,1,1,3,3,3,1,3,1,3,3,3,3
"672",1,1,1,1,2,2,2,1,1,3,1,3,3,1,1,1,1,3,1,3,1,1,1,1,1
"673",3,1,1,1,3,1,1,1,1,3,3,3,3,1,3,3,3,3,1,3,1,3,3,3,3
"674",1,1,1,1,3,1,1,1,1,3,1,3,3,1,1,3,3,3,1,3,2,3,3,3,3
"675",1,1,1,1,3,1,1,1,1,3,1,3,3,2,3,2,2,3,1,3,1,3,2,3,3
"676",3,1,1,1,3,1,1,1,1,2,1,3,3,1,1,1,2,2,1,1,1,3,1,3,3
"677",1,1,1,1,1,1,1,1,1,1,1,1,1,1,1,1,1,1,1,1,1,1,1,1,1
"678",1,1,1,1,2,1,1,1,1,1,1,2,2,1,1,1,1,1,1,1,1,1,1,1,1
"679",1,1,1,1,2,1,1,1,1,1,1,1,1,1,1,1,1,2,1,1,1,1,1,1,1
"680",1,1,1,1,1,1,1,1,1,1,1,1,1,1,1,1,1,3,1,1,1,1,1,1,1
"681",1,1,1,1,2,2,2,1,1,3,1,2,2,1,1,1,1,3,1,3,1,1,1,1,2
"682",1,1,1,1,1,1,1,1,1,2,1,2,2,1,2,1,1,3,1,1,1,1,1,1,2
"683",1,1,1,1,1,1,1,1,1,3,3,3,3,3,3,1,1,3,1,3,1,1,1,1,1
"684",2,1,1,1,3,1,1,1,1,3,3,3,3,3,3,3,3,3,1,3,1,1,2,3,3
"685",1,1,1,1,1,1,2,2,1,3,2,2,2,3,2,2,2,2,2,3,1,1,1,1,2
"686",1,2,1,1,3,1,1,1,1,2,3,3,3,3,3,2,3,3,2,3,1,2,2,3,3
"687",1,1,1,1,3,1,1,1,1,3,1,3,3,3,3,3,1,3,1,3,1,1,1,3,2
"688",1,1,1,1,1,1,3,1,1,1,1,1,1,1,1,1,1,1,1,3,1,1,1,1,1
"689",1,1,1,1,2,2,1,1,1,3,3,3,3,2,1,2,2,3,2,3,1,1,1,3,3
"690",1,1,1,1,1,1,1,1,1,2,1,2,2,1,1,1,1,2,1,2,1,1,1,1,2
"691",1,1,1,1,1,1,1,1,1,3,3,3,3,3,3,2,1,2,1,1,1,1,1,1,2
"692",1,1,1,1,1,1,1,1,1,1,1,1,1,1,1,1,1,2,1,2,1,1,1,1,2
"693",3,1,1,1,1,1,1,1,1,3,3,3,3,3,3,3,3,3,1,3,1,1,1,1,2
"694",1,1,1,1,1,1,1,1,1,1,1,1,1,1,1,1,1,3,1,1,1,1,1,1,1
"695",1,1,1,1,1,1,1,1,1,3,1,3,3,3,3,1,1,1,2,2,1,1,1,1,3
"696",1,1,1,1,1,1,1,1,1,1,1,3,3,1,1,1,1,3,2,2,1,1,1,1,2
"697",1,1,1,1,1,1,1,1,1,3,3,3,3,1,1,1,1,3,1,3,1,1,1,1,2
"698",1,1,1,1,2,1,1,1,1,2,1,2,3,1,2,1,1,2,1,2,1,1,1,1,3
"699",1,1,1,1,1,1,1,1,1,3,3,3,3,2,2,2,1,3,1,3,1,1,3,1,2
"700",1,1,1,1,2,1,1,1,1,2,3,3,3,1,1,1,1,3,1,2,1,1,1,1,2
"701",1,3,2,1,3,2,3,2,1,3,2,3,3,3,3,1,1,1,3,2,1,1,3,3,1
"702",1,1,1,1,2,1,1,1,1,3,2,3,3,1,1,1,1,3,1,2,1,1,1,2,3
"703",2,1,1,1,2,1,1,1,1,3,3,3,1,1,1,2,2,3,1,2,1,1,1,1,2
"704",1,1,1,1,2,1,1,1,1,2,2,3,3,1,1,1,1,3,1,3,1,1,1,1,3
"705",1,1,1,1,2,1,1,1,1,3,2,3,3,1,1,1,1,3,1,3,1,1,1,1,3
"706",1,1,1,1,1,1,1,1,1,2,1,3,3,1,1,1,1,3,1,2,1,1,1,1,3
"707",1,1,1,1,3,1,1,1,1,1,1,3,3,1,1,1,1,3,1,2,1,1,1,1,3
"708",1,1,1,1,2,1,1,1,1,3,3,3,3,1,1,1,1,2,1,2,1,1,1,1,3
"709",1,1,1,1,1,1,1,1,1,3,2,3,3,1,1,1,1,3,1,2,1,1,1,1,3
"710",1,1,1,1,2,1,1,1,1,2,2,1,3,1,1,1,1,2,1,2,1,1,1,2,3
"711",1,1,1,1,1,1,1,1,1,2,2,2,2,1,1,2,2,2,1,1,1,1,1,1,3
"712",1,1,1,1,1,1,1,1,1,2,2,3,2,1,1,1,1,2,1,2,1,1,1,1,2
"713",1,1,1,1,1,1,1,1,1,2,2,2,2,1,1,1,1,3,2,2,1,1,1,1,2
"714",1,1,1,1,2,2,2,1,1,3,1,1,1,3,3,1,1,3,3,1,1,1,1,3,3
"715",1,1,1,1,1,1,1,1,1,1,1,1,1,3,3,1,1,1,1,2,1,1,1,1,1
"716",3,1,1,1,3,2,1,1,1,3,3,1,1,1,1,2,3,3,1,3,1,3,1,3,3
"717",1,1,1,1,2,1,1,1,1,3,2,2,3,2,2,1,2,2,1,2,1,1,1,1,2
"718",1,1,1,1,2,1,1,1,1,2,2,2,3,2,2,2,2,2,1,2,1,1,1,2,1
"719",1,1,1,1,2,1,1,1,1,1,2,2,2,3,3,2,3,3,1,3,1,2,2,2,2
"720",1,1,1,1,3,1,1,1,1,3,3,3,3,1,1,1,3,3,1,3,1,1,3,3,3
"721",1,1,1,1,1,1,3,1,1,3,1,3,3,3,3,1,1,3,1,3,1,1,1,1,1
"722",1,1,1,1,1,1,1,1,1,3,3,3,3,3,3,1,3,3,1,3,1,1,1,1,2
"723",1,1,1,1,1,1,1,1,1,3,3,3,3,3,3,3,3,3,1,3,1,1,1,1,1
"724",1,1,1,1,1,1,1,1,1,1,1,1,1,1,1,1,1,3,1,1,1,1,1,1,1
"725",1,1,1,1,1,1,1,1,1,1,1,1,1,1,1,1,2,3,1,1,1,1,1,1,1
"726",1,1,1,1,2,1,1,1,1,2,2,3,3,1,1,1,1,2,1,2,1,1,1,2,2
"727",1,1,1,1,1,1,1,1,1,2,2,1,2,1,1,1,1,3,1,2,1,1,1,2,2
"728",1,1,1,1,1,1,1,1,1,2,2,3,3,1,1,1,1,3,1,3,1,1,1,1,2
"729",1,1,1,1,1,1,1,1,1,2,1,3,3,1,1,1,1,3,1,1,1,1,1,1,2
"730",1,1,1,1,1,1,1,1,1,1,1,3,3,1,1,1,1,1,1,1,1,1,1,1,1
"731",3,1,1,1,3,1,1,1,1,3,3,3,3,3,2,2,2,3,2,3,2,3,3,3,3
"732",3,1,1,1,3,1,1,1,1,3,3,2,3,1,1,3,3,3,1,3,1,3,3,3,3
"733",1,1,1,1,2,3,1,1,1,3,1,3,3,1,1,1,1,3,3,3,1,1,1,3,3
"734",3,1,1,1,2,2,2,1,1,2,2,2,3,3,3,1,1,3,1,3,1,1,1,1,2
"735",1,1,1,1,3,1,1,1,1,1,2,3,3,1,1,3,3,3,1,3,1,1,1,1,1
"736",1,1,1,1,1,1,3,1,1,1,1,1,1,1,1,1,1,1,1,3,1,1,1,1,1
"737",1,1,1,1,3,1,1,1,1,2,3,3,3,1,1,2,3,3,1,3,1,3,1,3,3
"738",2,1,1,1,3,1,1,1,1,3,3,3,3,1,2,3,3,3,2,3,1,3,3,3,3
"739",1,1,1,1,1,2,1,1,1,3,1,3,3,2,2,1,1,3,2,3,1,1,1,3,3
"740",1,1,1,1,2,3,1,1,1,3,1,3,3,2,2,1,1,3,3,3,1,1,2,3,3
"741",1,1,1,1,3,1,1,1,1,3,3,3,3,1,1,1,2,2,1,2,1,1,1,1,3
"742",1,1,1,1,2,1,1,1,1,2,1,2,3,1,1,1,2,3,1,2,1,1,1,1,2
"743",1,1,1,1,2,1,1,1,1,2,2,2,2,1,1,1,2,2,1,2,1,1,2,2,3
"744",1,1,1,1,3,1,1,1,1,1,1,2,2,1,1,1,1,1,1,1,1,1,1,1,1
"745",1,1,1,1,1,1,1,1,1,2,2,2,2,1,1,1,1,2,1,2,1,1,1,1,2
"746",1,1,1,1,1,1,1,1,1,1,1,2,2,1,1,1,1,2,1,3,1,1,1,1,2
"747",1,2,1,1,1,1,1,1,1,3,1,1,2,1,1,1,1,3,1,2,1,1,1,1,3
"748",1,1,1,1,2,2,2,2,2,2,2,3,3,2,2,2,2,2,2,3,3,3,3,2,3
"749",1,2,2,1,3,1,1,3,1,2,1,1,3,2,1,1,1,1,2,2,2,2,1,3,3
"750",1,3,1,1,1,2,3,1,1,3,1,2,2,2,3,1,1,1,2,3,2,2,1,1,2
"751",3,1,1,1,3,1,1,1,1,3,2,3,3,3,1,3,3,3,1,1,1,3,3,3,3
"752",1,3,1,1,3,1,1,1,1,3,3,3,3,3,3,1,3,3,1,3,1,3,3,1,3
"753",1,1,1,1,1,1,1,1,1,3,1,3,3,3,3,1,1,1,2,2,1,1,1,1,3
"754",1,1,1,1,1,3,1,1,1,3,3,3,3,3,3,3,1,1,1,3,1,1,1,1,1
"755",1,1,1,1,2,1,1,1,1,2,2,3,3,2,2,1,2,2,1,2,1,1,1,1,2
"756",2,1,1,1,3,1,1,1,1,3,3,3,3,1,1,3,3,3,1,3,1,3,2,3,3
"757",1,1,1,1,2,1,1,1,1,2,1,2,3,1,2,1,1,3,1,2,1,1,1,1,2
"758",1,1,1,1,2,3,1,1,1,3,1,3,3,1,1,1,1,3,2,3,1,1,1,3,3
"759",1,1,1,1,2,2,1,1,1,3,1,3,3,1,1,1,1,3,2,3,1,1,1,3,3
"760",1,1,1,1,1,1,1,1,1,1,1,1,1,1,1,1,1,2,1,1,1,1,1,1,2
"761",1,2,1,1,3,1,1,1,2,3,3,3,3,2,2,2,1,3,1,1,3,1,1,3,3
"762",1,3,1,1,3,2,3,2,1,3,2,3,3,2,2,2,2,3,1,2,2,2,1,1,3
"763",1,3,1,1,3,3,3,3,1,3,3,3,3,2,2,1,2,3,3,3,1,2,1,1,3
"764",3,1,1,1,3,1,1,1,1,3,2,3,3,1,1,3,3,3,1,3,1,1,1,3,3
"765",1,2,1,1,3,1,1,1,1,3,2,3,3,1,1,3,1,3,1,3,1,3,3,3,3
"766",1,1,1,1,2,1,1,1,1,2,2,2,2,1,1,1,2,2,1,2,1,1,2,2,2
"767",1,1,1,1,2,1,1,1,1,2,2,3,3,1,1,2,2,3,2,3,2,1,2,1,2
"768",1,1,1,1,2,1,1,1,1,2,2,3,3,2,2,1,1,3,2,2,1,1,1,1,2
"769",1,1,1,1,2,1,1,1,1,2,1,2,2,2,2,1,2,2,1,1,1,1,2,1,2
"770",1,1,1,1,1,1,1,1,1,2,3,3,3,2,1,1,2,2,1,1,1,1,2,3,3
"771",1,1,1,1,1,1,1,1,1,3,3,3,3,2,2,2,3,3,1,2,1,1,2,2,2
"772",1,1,1,1,2,1,1,1,1,3,2,2,3,2,2,1,2,3,2,1,1,1,1,2,2
"773",1,1,1,1,2,1,1,1,1,2,2,3,3,2,2,2,2,3,1,3,1,1,1,3,3
"774",1,1,1,1,3,1,1,1,3,1,3,3,3,1,1,1,1,3,2,1,1,3,1,2,2
"775",1,1,3,1,1,1,2,1,3,1,3,2,3,3,3,1,1,2,1,1,1,1,1,1,2
"776",1,3,3,3,3,3,3,3,3,3,3,1,3,3,3,3,1,3,3,3,3,3,3,3,3
"777",1,3,1,3,3,1,3,3,1,1,3,3,3,3,3,3,1,3,1,3,1,3,3,3,2
"778",1,2,2,1,3,2,3,3,3,3,2,2,3,2,3,1,1,1,1,3,2,3,3,2,2
"779",1,3,3,1,3,2,3,3,1,3,3,3,3,3,3,3,1,3,1,1,3,3,3,3,2
"780",1,3,3,1,3,2,3,3,1,3,3,3,3,3,3,1,1,3,3,3,3,3,3,3,3
"781",1,3,3,1,3,3,3,3,1,1,3,3,3,3,3,3,3,3,3,3,3,3,3,3,3
"782",1,3,3,2,3,3,3,2,1,2,2,1,3,3,2,3,1,1,3,2,2,2,1,3,3
"783",1,2,2,1,3,2,2,2,1,3,1,3,3,2,2,2,1,3,2,3,1,3,1,1,1
"784",1,1,1,1,3,1,3,2,1,2,1,3,1,1,1,1,1,3,1,1,1,2,1,1,1
"785",3,1,3,1,3,1,3,3,1,2,3,3,3,2,3,3,3,3,1,2,2,3,3,3,3
"786",1,1,1,1,2,1,3,2,1,2,1,2,2,1,1,1,1,3,2,1,2,2,1,1,1
"787",1,1,1,1,1,3,3,2,1,2,2,1,1,2,2,3,1,3,3,3,3,3,1,3,3
"788",1,3,3,1,3,3,3,2,1,3,3,3,3,3,3,1,3,3,3,1,3,3,3,3,3
"789",3,3,1,3,3,3,2,1,3,2,1,3,3,3,1,1,3,3,3,3,3,1,2,3,1
"790",1,1,1,1,3,2,3,2,2,2,1,2,2,1,1,1,1,1,1,3,2,2,1,2,2
"791",1,1,1,1,3,1,3,2,1,1,1,3,3,1,1,1,1,1,1,2,2,2,1,1,1
"792",1,2,3,1,2,3,3,3,1,3,2,3,3,3,3,1,1,3,3,3,3,3,1,3,3
"793",1,1,1,1,1,1,2,1,1,3,2,2,1,3,3,3,3,1,3,2,2,1,3,3,3
"794",1,1,1,1,3,2,1,1,1,3,3,3,3,3,3,1,3,3,3,3,1,3,1,1,2
"795",1,3,3,1,3,1,3,3,1,3,3,3,3,3,3,3,3,3,1,3,1,3,3,3,3
"796",1,3,3,1,3,2,3,3,3,2,3,3,3,2,2,3,2,3,2,1,3,3,1,3,3
"797",1,3,3,1,2,1,2,2,1,1,2,3,2,1,1,1,1,3,1,1,1,3,1,2,2
"798",1,3,3,1,3,3,3,3,3,3,3,3,3,3,3,3,1,3,3,3,3,3,3,3,3
"799",3,3,3,1,3,3,3,3,1,3,3,3,3,3,3,1,3,3,3,3,3,3,1,3,3
"800",1,1,1,1,2,2,1,1,1,2,3,3,3,2,2,2,3,3,2,2,1,1,2,2,2
"801",1,1,1,1,2,2,1,1,1,2,2,2,2,2,2,3,3,3,2,2,1,1,1,1,2
"802",1,1,1,1,1,1,1,1,1,2,2,2,2,2,2,2,3,3,2,2,1,1,1,1,2
"803",1,1,1,1,1,1,1,1,1,2,2,2,2,2,2,2,3,3,2,2,1,1,1,2,2
"804",1,1,1,1,2,1,1,1,1,2,2,2,2,1,3,2,3,3,2,2,1,1,1,1,2
"805",2,1,1,1,2,1,1,1,1,3,2,2,3,1,1,3,2,3,2,3,1,1,1,1,3
"806",1,1,1,1,2,1,1,1,1,3,3,3,3,1,2,3,3,3,2,1,1,1,1,1,2
"807",1,1,1,1,1,1,1,1,1,2,2,2,2,1,2,3,3,3,2,2,1,1,2,2,2
"808",1,1,1,1,2,2,1,1,1,3,2,2,3,1,1,2,2,3,2,3,1,1,1,1,2
"809",1,1,1,1,3,1,1,1,1,3,2,3,3,1,3,2,3,3,1,3,1,1,2,3,3
"810",1,1,1,1,3,1,1,1,1,3,2,3,3,1,3,3,1,3,1,3,1,1,1,3,3
"811",1,1,1,1,3,1,1,1,1,3,3,3,3,1,3,3,1,3,1,3,1,1,2,3,3
"812",1,1,1,1,2,1,1,1,1,2,2,2,2,1,3,2,2,3,1,3,1,1,2,3,3
"813",1,1,1,1,3,1,1,1,1,2,2,3,3,1,2,2,2,2,1,2,1,1,2,3,3
"814",3,1,1,1,3,1,1,1,1,2,2,3,3,1,1,2,1,3,1,3,1,1,2,3,3
"815",1,1,1,1,3,1,1,1,1,2,2,2,2,1,2,1,2,2,1,3,1,1,2,3,3
"816",1,1,1,1,3,1,1,1,1,2,2,3,3,1,2,2,3,3,1,2,1,1,2,3,3
"817",1,1,1,1,3,1,1,1,1,2,2,3,3,1,3,2,3,3,1,3,1,1,2,3,3
"818",1,1,1,1,3,1,1,1,1,1,1,3,3,1,3,3,3,3,1,2,1,1,2,3,3
"819",3,1,1,1,2,1,1,1,1,3,2,3,3,3,3,3,3,3,3,3,1,1,1,1,2
"820",2,2,1,1,2,2,2,1,1,3,2,3,3,3,3,1,1,3,2,3,1,1,2,1,2
"821",1,1,1,1,1,1,1,1,1,3,1,3,3,3,3,3,1,3,1,3,1,1,2,1,1
"822",1,1,1,1,1,1,1,1,1,3,1,1,1,3,3,3,1,3,1,3,1,1,1,1,3
"823",1,1,1,1,1,1,1,1,1,3,3,3,3,1,1,1,1,1,3,3,1,1,1,1,2
"824",1,1,1,1,2,2,1,1,1,3,1,1,2,3,3,1,3,3,1,3,1,1,1,1,2
"825",1,3,1,1,2,3,2,1,1,3,1,1,1,3,3,2,1,1,3,1,1,2,1,1,1
"826",1,1,1,1,1,1,1,1,1,3,1,3,3,3,3,1,1,3,1,3,1,1,1,1,2
"827",2,1,1,1,1,1,1,1,1,3,1,3,3,1,1,1,3,3,3,3,1,1,1,1,2
"828",1,1,1,1,1,3,3,1,1,3,1,1,1,1,1,1,1,3,1,3,1,1,1,1,1
"829",2,1,1,1,1,2,1,1,1,3,3,3,3,1,3,3,3,3,2,3,1,1,3,1,3
"830",1,1,1,1,1,1,1,1,1,3,3,3,3,3,3,3,3,3,3,3,1,1,3,3,3
"831",3,1,1,1,1,2,1,1,1,3,3,3,3,3,3,3,1,3,1,3,1,1,3,1,3
"832",2,1,1,1,1,1,1,1,1,3,3,3,3,3,3,3,3,3,1,3,1,1,3,1,3
"833",1,1,1,1,3,1,1,2,2,2,1,3,3,1,1,1,1,3,2,2,1,3,2,3,2
"834",1,1,1,1,2,1,1,2,2,2,2,3,3,1,1,2,1,3,1,3,2,2,2,2,2
"835",1,1,1,1,3,2,1,2,1,2,1,2,3,1,1,1,1,3,2,2,2,2,2,2,2
"836",1,1,1,1,3,3,1,1,1,3,2,2,3,1,2,2,2,3,2,2,2,1,2,2,2
"837",1,1,1,1,3,2,2,1,1,2,2,2,1,1,1,1,3,2,2,2,2,2,2,2,2
"838",1,1,1,1,3,2,1,1,1,2,2,2,2,1,1,1,1,3,2,2,2,2,2,2,2
"839",1,1,1,1,3,2,1,1,1,2,2,2,2,1,1,1,1,3,1,2,1,2,2,2,2
"840",1,1,1,1,2,3,1,1,1,3,1,2,2,2,2,1,1,3,1,3,1,1,1,3,3
"841",1,1,2,1,2,1,2,1,1,2,2,2,2,2,2,1,1,3,2,2,1,2,2,2,2
"842",1,1,1,1,2,2,1,1,1,2,2,2,2,2,2,1,1,2,1,2,2,2,2,2,2
"843",1,1,1,1,1,1,1,1,1,3,3,2,3,3,2,2,3,3,2,2,1,1,1,1,2
"844",1,2,1,1,2,1,1,1,1,3,2,3,3,2,2,1,3,3,2,2,1,1,1,1,2
"845",1,2,1,1,2,1,1,1,1,2,2,2,3,2,3,1,3,3,2,3,1,1,1,1,3
"846",1,2,1,1,1,1,1,1,1,3,3,2,3,3,3,2,3,3,2,2,1,1,2,2,2
"847",2,2,1,1,3,1,1,1,1,2,2,3,3,1,1,1,2,3,1,2,1,1,2,2,2
"848",1,1,1,1,1,1,1,1,1,3,1,3,3,3,3,3,3,3,3,3,1,1,2,1,3
"849",1,2,1,1,1,1,1,1,1,3,3,3,3,2,3,2,2,3,1,3,1,1,1,1,3
"850",2,2,1,1,1,2,1,1,1,3,3,3,3,3,3,2,3,3,2,3,1,1,3,3,3
"851",2,2,1,1,1,2,1,1,1,3,3,3,3,3,3,3,3,3,3,3,1,1,2,1,3
"852",2,3,1,1,2,2,1,1,1,3,3,3,3,3,3,2,3,3,3,3,1,1,3,1,3
"853",2,3,1,1,1,2,1,1,1,3,3,3,3,3,3,2,3,3,2,3,1,1,2,1,3
"854",2,2,1,1,2,3,1,1,1,3,2,3,3,3,2,2,2,3,3,3,1,1,2,3,3
"855",1,1,1,1,3,3,1,1,1,3,2,3,3,2,2,2,2,3,3,3,1,1,1,3,3
"856",2,2,1,1,2,3,1,1,1,3,2,3,3,3,2,1,3,3,3,3,1,1,2,3,3
"857",1,3,1,1,2,3,1,1,1,3,2,3,3,3,3,2,2,3,3,3,1,1,2,3,3
"858",2,2,2,1,2,3,1,1,1,3,2,3,3,2,3,2,2,3,3,3,2,1,2,3,3
"859",1,1,1,1,3,1,1,1,1,2,1,3,3,1,2,1,2,2,1,2,1,1,2,3,3
"860",1,1,1,1,3,1,1,1,1,2,2,2,3,1,1,1,3,3,1,2,1,1,2,3,3
"861",1,1,1,1,3,1,1,1,1,2,1,2,3,1,1,1,2,3,1,2,1,1,2,3,3
"862",1,1,1,1,3,1,1,1,1,2,1,2,3,1,2,2,3,1,1,3,1,1,2,3,3
"863",1,1,1,1,3,2,1,1,1,2,2,2,3,1,2,2,3,3,1,2,1,1,2,3,3
"864",1,2,1,1,2,1,1,1,1,3,3,3,3,2,2,1,3,3,2,3,1,1,2,1,3
"865",2,3,1,1,2,2,1,1,1,2,3,2,3,2,3,1,2,3,2,3,1,1,1,1,2
"866",1,1,1,1,3,2,1,1,1,2,2,2,2,1,1,1,2,3,2,2,1,1,2,2,2
"867",1,2,2,1,3,2,2,1,1,2,2,2,2,2,2,1,1,3,2,2,1,1,2,2,2
"868",1,2,1,1,2,2,1,1,1,2,2,2,2,2,2,1,1,3,2,2,1,1,2,2,2
"869",1,2,1,1,3,2,2,1,1,3,2,2,2,2,1,1,2,3,2,2,1,1,2,2,2
"870",1,2,1,1,2,1,1,1,1,2,1,2,2,2,2,2,1,3,2,2,1,1,2,2,2
"871",1,1,1,1,3,2,2,1,1,2,2,2,2,2,2,2,1,3,2,2,1,1,2,2,2
"872",1,1,1,1,3,2,2,1,1,2,2,2,2,2,2,2,1,3,2,2,1,1,2,2,2
"873",1,1,1,1,3,2,2,2,2,2,2,2,2,1,2,1,1,2,2,1,1,1,2,2,2
"874",1,1,1,1,3,2,2,1,1,2,2,2,2,2,1,1,1,3,2,2,1,1,2,2,2
"875",1,1,1,1,2,1,1,1,1,2,2,1,2,1,1,1,1,3,2,2,1,1,2,2,2
"876",2,1,1,1,3,1,1,1,1,3,1,3,3,3,3,3,1,3,1,3,1,1,1,3,1
"877",1,1,1,1,3,1,1,1,1,3,2,3,3,3,3,3,2,3,1,3,1,1,2,3,1
"878",1,1,1,1,1,1,1,1,1,3,3,3,3,1,1,1,3,3,3,3,1,1,2,2,2
"879",1,1,1,1,2,1,1,1,1,3,3,3,3,1,2,2,3,3,3,3,1,1,1,3,3
"880",2,3,1,1,3,1,1,1,1,3,3,3,3,2,2,1,3,3,3,3,1,1,1,3,3
"881",2,1,1,1,3,1,1,1,1,3,2,3,3,3,3,3,2,3,1,3,1,3,3,3,3
"882",1,2,1,1,3,1,1,1,1,3,1,3,3,3,3,3,1,3,3,3,1,1,3,2,2
"883",1,2,1,1,2,1,1,1,1,3,3,3,1,3,3,3,3,3,1,3,1,1,3,3,1
"884",1,1,1,1,1,1,1,1,1,2,2,2,2,1,1,2,2,3,2,2,1,1,1,1,2
"885",1,1,1,1,1,1,1,1,1,3,3,3,3,1,1,1,3,3,2,2,1,1,1,1,3
"886",1,1,1,1,2,1,1,1,1,3,3,3,3,1,2,2,3,3,1,2,1,1,2,2,2
"887",1,1,1,1,1,1,1,1,1,3,3,3,3,1,1,1,3,3,1,2,1,1,1,1,3
"888",1,1,1,1,1,1,1,1,1,3,2,3,3,1,1,2,2,3,1,3,1,1,1,1,3
"889",2,1,1,1,1,3,1,1,1,3,2,3,3,1,1,2,1,2,3,3,1,1,2,2,3
"890",1,1,1,1,1,2,1,1,1,2,2,2,2,1,1,1,1,2,2,2,1,1,2,2,3
"891",1,1,1,1,1,2,1,1,1,2,2,3,3,1,1,2,1,3,2,2,1,1,2,2,2
"892",1,1,1,1,1,2,1,1,1,2,2,2,2,1,1,1,1,2,2,2,1,1,1,3,3
"893",1,1,1,1,1,2,1,1,1,3,2,3,3,1,1,1,1,2,2,2,1,1,2,3,3
"894",1,1,1,1,1,3,1,1,1,2,2,3,3,1,1,1,1,2,2,3,1,1,2,3,3
"895",1,1,1,1,1,2,1,1,1,3,2,3,3,1,1,2,1,3,2,2,1,1,2,2,2
"896",1,1,1,1,2,2,1,1,1,2,2,2,2,1,1,1,1,3,1,2,1,1,2,3,3
"897",1,1,1,1,2,2,1,1,1,2,1,2,2,1,1,2,1,2,2,2,1,1,1,1,3
"898",1,1,1,1,2,2,1,1,1,3,1,3,3,1,1,1,1,2,2,2,1,1,2,2,3
"899",1,1,1,1,1,1,1,1,1,3,3,3,3,3,3,1,1,1,1,1,1,1,1,1,2
"900",1,1,1,1,1,1,1,1,1,3,3,3,3,3,3,1,1,3,1,3,1,1,1,1,2
"901",1,1,1,1,1,1,1,1,1,2,2,2,2,1,1,1,1,3,1,3,1,1,1,1,2
"902",1,1,1,1,1,1,1,1,1,3,3,3,3,3,3,3,3,3,3,3,1,1,1,1,2
"903",1,1,1,1,1,1,1,1,1,3,3,3,3,3,3,1,1,3,1,3,1,1,1,1,2
"904",1,1,1,1,1,1,1,1,1,3,3,3,3,3,3,3,3,3,1,3,1,1,1,1,2
"905",1,1,1,1,1,1,1,1,1,3,3,3,3,3,3,3,3,3,1,3,1,1,1,2,2
"906",1,1,1,1,1,1,1,1,1,3,3,3,3,3,3,1,3,3,1,3,1,1,1,1,2
"907",1,1,1,1,1,1,1,1,1,2,2,2,2,1,1,3,3,3,1,1,1,1,2,2,2
"908",1,1,1,1,1,1,1,1,1,2,1,1,3,1,2,2,3,3,2,2,1,1,1,1,3
"909",1,1,1,1,1,1,1,1,1,2,1,2,2,1,1,3,3,3,1,2,1,1,1,2,2
"910",1,1,1,1,1,1,1,1,1,3,3,3,3,1,2,3,3,3,3,3,1,1,3,3,3
"911",1,1,1,1,1,1,1,1,1,3,3,3,3,3,3,1,1,3,1,3,1,1,2,1,2
"912",1,1,1,1,1,1,1,1,1,3,3,3,3,2,2,1,1,2,1,2,1,1,1,1,2
"913",1,1,1,1,1,1,1,1,1,1,1,1,1,1,1,1,1,3,1,3,1,1,1,1,2
"914",1,1,1,1,2,1,1,1,1,2,2,2,2,1,1,1,1,3,1,3,1,1,1,1,2
"915",2,1,1,1,1,1,1,1,1,2,1,2,2,3,3,1,3,3,1,3,1,1,1,1,2
"916",1,1,1,1,1,1,1,1,1,1,1,1,1,1,1,1,1,3,1,3,1,1,1,1,2
"917",1,1,1,1,2,1,1,1,1,3,3,3,3,1,1,1,1,3,3,3,1,1,1,1,2
"918",2,1,1,1,1,1,1,1,1,3,3,2,2,2,2,2,2,2,1,2,1,1,2,1,2
"919",1,1,1,1,2,1,2,1,1,3,1,3,3,3,3,1,3,3,1,3,1,1,1,1,2
"920",1,1,1,1,1,1,1,1,1,3,3,3,3,3,3,1,3,3,1,3,1,1,1,1,3
"921",1,1,1,1,1,1,1,1,1,2,2,2,2,3,3,3,3,3,1,3,1,1,1,1,1
"922",1,1,1,1,1,1,1,1,1,3,3,3,3,3,3,1,1,3,1,3,1,1,1,1,1
"923",1,1,1,1,1,1,1,1,1,2,2,2,2,2,2,2,2,2,2,2,1,1,1,1,2
"924",2,2,1,1,2,2,2,1,1,3,3,3,3,3,3,1,1,3,1,3,1,1,1,1,1
"925",2,2,1,1,2,2,2,1,1,2,2,2,2,2,2,1,2,2,1,2,1,1,1,1,2
"926",1,1,1,1,2,2,2,1,1,3,2,3,2,1,1,1,1,3,1,3,1,1,1,1,2
"927",1,1,1,1,2,1,1,1,1,3,3,3,3,3,3,1,1,2,1,3,1,1,2,1,1
"928",1,1,1,1,2,1,1,1,1,3,2,3,3,3,3,2,1,2,1,3,1,1,1,2,1
"929",2,1,1,1,2,1,1,1,1,3,3,3,3,3,3,3,3,3,1,3,1,3,3,3,2
"930",1,1,1,1,2,1,1,1,1,3,3,3,3,3,3,2,1,3,1,3,1,1,1,3,1
"931",1,1,1,1,2,1,1,1,1,3,3,3,3,3,3,3,1,3,1,1,1,1,3,1,1
"932",2,1,1,1,3,1,1,1,1,3,3,3,3,3,3,3,1,3,1,3,1,3,1,3,3
"933",1,1,1,1,3,1,1,1,1,3,1,3,3,3,3,2,1,3,1,3,1,1,1,3,1
"934",1,2,1,1,2,1,1,1,1,3,3,3,3,3,3,2,1,3,1,3,1,1,1,3,1
"935",1,1,1,1,2,1,1,1,1,3,3,3,3,3,3,3,1,3,1,3,1,1,1,3,1
"936",1,1,1,1,1,1,1,1,1,2,3,3,2,2,2,3,3,3,1,2,1,1,1,2,2
"937",1,1,1,1,1,1,1,1,1,3,3,3,3,3,3,1,1,3,3,3,1,1,1,1,2
"938",1,1,1,1,1,1,1,1,1,3,3,3,3,1,1,1,3,3,1,3,1,1,1,1,2
"939",2,2,1,1,3,1,1,1,1,3,2,3,3,3,3,3,2,3,1,3,1,2,3,3,3
"940",1,1,1,1,2,1,1,1,1,3,2,2,3,3,3,3,1,3,1,3,1,1,1,3,1
"941",1,1,1,1,1,1,1,1,1,3,3,3,3,1,1,2,3,3,2,2,1,1,1,1,3
"942",1,1,1,1,1,2,1,1,1,2,2,2,2,1,1,2,1,2,2,2,1,1,2,2,2
"943",1,1,1,1,1,2,1,1,1,2,2,2,2,1,1,1,1,2,2,2,1,1,2,2,2
"944",1,1,1,1,2,1,1,1,1,2,2,2,2,1,1,1,1,2,2,2,1,1,2,2,2
"945",1,1,1,1,1,2,1,1,1,2,1,2,2,1,1,1,1,2,2,2,1,1,2,2,2
"946",1,1,1,1,2,2,2,1,1,2,2,2,2,2,2,1,2,3,2,2,1,1,2,1,2
"947",1,1,1,1,1,1,1,1,1,3,1,3,3,3,3,1,1,3,1,3,1,1,2,1,3
"948",1,1,1,1,1,1,1,1,1,2,2,2,2,2,2,1,1,3,1,3,1,1,1,1,2
"949",1,1,1,1,1,1,1,1,1,3,3,3,3,3,3,1,3,3,1,3,1,1,1,1,2
"950",1,1,1,1,1,2,1,1,1,2,2,2,1,1,1,1,1,2,1,3,1,1,1,1,2
"951",1,1,1,1,1,2,1,1,1,2,2,2,2,1,1,1,1,3,1,3,1,1,1,3,3
"952",1,1,1,1,1,2,1,1,1,3,3,3,3,2,2,1,1,2,1,3,1,1,1,3,3
"953",1,1,1,1,1,1,1,1,1,3,2,3,3,2,2,2,3,3,2,2,1,1,1,2,2
"954",1,3,3,1,1,3,1,1,1,1,1,1,1,2,2,1,1,1,2,2,2,1,1,1,1
"955",1,3,1,1,3,1,1,1,1,1,1,2,3,2,2,1,2,3,1,1,1,1,1,1,2
"956",2,1,1,1,3,3,1,1,1,3,2,3,3,1,1,2,1,3,2,3,1,1,3,3,3
"957",2,1,1,1,3,1,1,1,1,3,2,3,3,2,1,3,2,3,2,3,1,1,2,3,3
"958",2,1,1,1,3,2,1,1,1,3,1,3,3,1,2,2,2,3,2,3,1,1,2,3,3
"959",1,1,1,1,2,1,1,1,1,3,1,3,3,3,3,3,1,3,1,3,1,1,1,3,1
"960",1,1,1,1,2,1,1,1,1,2,2,3,3,1,1,1,1,3,1,2,1,1,1,3,3
"961",1,1,1,1,2,2,1,1,1,2,2,2,3,1,1,1,1,3,2,2,1,1,2,2,2
"962",1,1,1,1,3,2,1,1,1,2,2,3,3,2,2,2,2,3,2,2,1,1,1,3,3
"963",1,1,1,1,2,2,1,1,1,3,2,3,3,2,1,1,1,3,2,3,1,1,2,3,3
"964",1,1,1,1,2,2,1,2,1,3,2,3,3,2,1,2,1,3,2,2,1,1,2,3,3
"965",3,1,1,1,3,2,1,1,1,3,2,3,3,2,2,2,2,3,2,3,1,1,2,3,3
"966",1,2,1,1,2,1,3,1,1,2,1,1,1,1,1,1,1,1,1,1,1,2,1,1,1
"967",1,1,1,1,2,1,1,1,1,3,3,3,3,3,3,2,1,3,1,3,1,1,1,3,1
"968",1,2,1,1,3,2,1,1,1,2,2,2,2,2,1,1,1,3,2,2,1,2,2,2,2
"969",1,2,1,1,3,2,1,1,1,2,2,2,2,2,2,1,1,3,2,2,1,1,1,2,2
"970",1,2,1,1,3,2,1,1,1,2,2,2,2,1,2,2,1,3,2,2,1,1,2,2,2
"971",1,2,1,1,3,2,1,1,1,2,2,2,2,2,2,1,1,3,2,2,1,1,2,2,2
"972",1,2,1,1,3,1,1,1,1,2,2,2,2,2,1,2,2,3,2,2,1,1,2,2,2
"973",1,1,1,1,3,1,1,1,1,2,2,2,2,2,2,1,1,3,2,2,1,1,2,2,2
"974",1,1,1,1,3,2,1,1,1,2,2,2,2,2,1,1,1,3,2,2,1,2,2,2,2
"975",1,1,1,1,3,1,1,1,1,2,2,2,2,1,2,2,1,3,2,2,1,2,2,2,2
"976",1,1,1,1,2,2,1,1,1,2,2,1,2,1,3,3,3,3,2,2,1,1,2,2,2
"977",1,2,1,1,2,2,1,1,1,2,2,3,3,2,2,2,3,3,3,3,1,1,2,2,2
"978",1,1,1,1,2,1,1,1,1,2,2,2,2,2,2,2,3,3,2,2,1,1,2,2,3
"979",1,1,1,1,2,1,1,1,1,3,3,3,3,2,2,2,3,3,2,3,1,1,1,1,2
"980",1,1,1,1,1,1,1,1,1,2,2,2,2,1,1,2,3,3,2,2,1,1,1,1,2
"981",1,1,1,1,2,2,2,1,1,2,2,2,2,1,1,1,3,3,3,3,1,1,1,1,2
"982",1,2,1,1,2,2,1,1,1,2,2,2,2,2,2,2,3,3,2,2,1,1,2,2,2
"983",2,1,1,1,3,1,1,1,1,1,1,3,3,1,1,3,3,3,1,3,1,1,2,2,2
"984",1,1,1,1,1,1,1,1,1,3,3,3,3,1,1,3,3,3,2,2,1,1,1,1,2
"985",1,1,1,1,1,1,1,1,1,2,2,3,3,1,2,2,3,3,2,2,1,1,2,2,2
